timestamp,cpu/limit,cpu/request,cpu/usage,cpu/usage_rate,filesystem/limit,filesystem/usage,memory/cache,memory/limit,memory/major_page_faults,memory/major_page_faults_rate,memory/page_faults,memory/page_faults_rate,memory/request,memory/rss,memory/usage,memory/working_set,uptime,normal,cpu,mem,io
1529575120,0,0,1896502904508,114,79680208896,286720,643301376,0,0,0,10041920,93.0249481201172,0,112357376,755707904,755654656,79470334,1,0,0,0
1529575140,0,0,1899303261877,170,79680208896,286720,644521984,0,0,0,10044279,143.84756469726562,0,112701440,757309440,757256192,79490336,1,0,0,0
1529575160,0,0,1905517019677,176,79680208896,286720,647155712,0,0,0,10048413,117.4558334350586,0,113774592,760983552,760930304,79510347,1,0,0,0
1529575180,0,0,1908180794253,190,79680208896,286720,648200192,0,0,0,10050498,149.04495239257812,0,114237440,762523648,762470400,79530340,1,0,0,0
1529575200,0,0,1911586869602,184,79680208896,286720,649576448,0,0,0,10052561,111.892822265625,0,114794496,764411904,764358656,79550373,1,0,0,0
1529575220,0,0,1914366143460,180,79680208896,286720,650731520,0,0,0,10054346,115.84386444091795,0,115359744,766181376,766128128,79570421,1,0,0,0
1529575240,0,0,1919813702821,176,79680208896,286720,653029376,0,0,0,10057808,112.4487075805664,0,116051968,769097728,769044480,79590400,1,0,0,0
1529575260,0,0,1922366210871,180,79680208896,286720,654090240,0,0,0,10059551,123.14593505859376,0,116453376,770646016,770592768,79610393,1,0,0,0
1529575280,0,0,1924638098247,183,79680208896,286720,655011840,0,0,0,10060976,115.0547103881836,0,116731904,771805184,771751936,79630359,1,0,0,0
1529575300,0,0,1930382978533,178,79680208896,286720,657424384,0,0,0,10065082,127.24104309082031,0,117776384,775315456,775262208,79650324,1,0,0,0
1529575320,0,0,1933323793425,184,79680208896,286720,658616320,0,0,0,10067122,127.80779266357422,0,118251520,776925184,776871936,79670393,1,0,0,0
1529575340,0,0,1935801874421,182,79680208896,286720,659623936,0,0,0,10069151,149.29730224609375,0,118755328,778432512,778379264,79690427,0,1,0,0
1529575360,0,0,1941105610431,176,79680208896,286720,661876736,0,0,0,10071784,87.68185424804688,0,119402496,781348864,781295616,79710475,0,1,0,0
1529575380,0,0,1943387232064,180,79680208896,286720,662818816,0,0,0,10072913,89.40103912353516,0,119844864,782786560,782733312,79730443,0,1,0,0
1529575400,0,0,1948579318061,179,79680208896,286720,664981504,0,0,0,10076094,109.91181182861328,0,120455168,785518592,785465344,79750518,0,1,0,0
1529575420,0,0,1950378115115,174,79680208896,286720,665747456,0,0,0,10077182,105.79563903808594,0,120745984,786567168,786513920,79770445,0,1,0,0
1529575440,0,0,1953994699185,181,79680208896,286720,667230208,0,0,0,10079044,93.61033630371094,0,121290752,788643840,788590592,79790385,0,1,0,0
1529575460,0,0,1958988519750,180,79680208896,286720,669298688,0,0,0,10082240,115.5107192993164,0,122081280,791453696,791400448,79810355,0,1,0,0
1529575480,0,0,1963091714131,179,79680208896,286720,671010816,0,0,0,10084163,83.95698547363281,0,122736640,793751552,793698304,79830440,0,1,0,0
1529575500,0,0,1966086916596,177,79680208896,286720,672268288,0,0,0,10086012,109.70738220214844,0,123138048,795504640,795451392,79850401,0,1,0,0
1529575520,0,0,1969072667169,176,79680208896,286720,673529856,0,0,0,10088043,120.04452514648438,0,123588608,797155328,797102080,79870358,0,1,0,0
1529575540,0,0,1973168796220,176,79680208896,286720,675266560,0,0,0,10090592,109.66133880615234,0,124272640,799653888,799600640,79890490,0,1,0,0
1529575560,0,0,1977156041495,180,79680208896,286720,676917248,0,0,0,10092735,96.9299087524414,0,124747776,801751040,801697792,79910372,0,1,0,0
1529575580,0,0,1980548025921,185,79680208896,286720,678285312,0,0,0,10094610,102.40058135986328,0,125358080,803770368,803717120,79930346,1,0,0,0
1529575600,0,0,1982847586834,174,79680208896,286720,679202816,0,0,0,10095820,91.99222564697266,0,126029824,805335040,805281792,79950377,1,0,0,0
1529575620,0,0,1985313884129,192,79680208896,286720,680189952,0,0,0,10097817,155.61402893066406,0,126382080,806621184,806567936,79970420,1,0,0,0
1529575640,0,0,1991054215770,185,79680208896,286720,682504192,0,0,0,10102474,150.3159942626953,0,127180800,809787392,809734144,79990403,0,0,0,1
1529575660,0,0,1994442418830,227,79680208896,286720,683589632,0,0,0,10103383,60.91550064086914,0,127737856,811413504,811360256,80010497,0,0,0,1
1529575680,0,0,2001512994948,254,79680208896,286720,685674496,0,0,0,10106958,128.81474304199222,0,128679936,814395392,814342144,80030466,0,0,0,1
1529575700,0,0,2004562337529,256,79680208896,286720,686567424,0,0,0,10108330,115.20662689208984,0,128966656,815542272,815489024,80050383,0,0,0,1
1529575720,0,0,2008595232552,251,79680208896,286720,687763456,0,0,0,10110454,132.43276977539062,0,129392640,817205248,817152000,80070459,0,0,0,1
1529575740,0,0,2016755579449,246,79680208896,286720,690229248,0,0,0,10114019,107.8686981201172,0,130273280,820559872,820506624,80090480,0,0,0,1
1529575760,0,0,2021144125743,248,79680208896,286720,691544064,0,0,0,10116221,124.77581024169922,0,130985984,822599680,822546432,80110450,0,0,0,1
1529575780,0,0,2024893723801,249,79680208896,286720,692662272,0,0,0,10117645,94.74745178222656,0,131436544,824221696,824168448,80130508,0,0,0,1
1529575800,0,0,2029454821872,246,79680208896,286720,694038528,0,0,0,10120094,132.44126892089844,0,132009984,826085376,826032128,80150425,0,0,0,1
1529575820,0,0,2034430804335,254,79680208896,286720,695496704,0,0,0,10122527,124.19637298583984,0,132538368,828096512,828039168,80170483,0,0,0,1
1529575840,0,0,2042029676276,246,79680208896,286720,697806848,0,0,0,10126279,121.47734832763672,0,133238784,831070208,831016960,80190499,0,0,0,1
1529575860,0,0,2045422445539,245,79680208896,286720,698826752,0,0,0,10128314,147.162353515625,0,133693440,832630784,832577536,80210512,0,0,0,1
1529575880,0,0,2048251226868,254,79680208896,286720,699654144,0,0,0,10130294,178.11204528808594,0,133984256,833732608,833679360,80230446,0,0,0,1
1529575900,0,0,2053147437546,246,79680208896,286720,701136896,0,0,0,10132754,123.70175170898438,0,134586368,835801088,835747840,80250442,0,0,0,1
1529575920,0,0,2062119692323,251,79680208896,286720,703795200,0,0,0,10136089,93.54254913330078,0,135671808,839569408,839516160,80270462,0,0,0,1
1529575940,0,0,2066590885651,245,79680208896,286720,705138688,0,0,0,10138487,131.92918395996094,0,136036352,841293824,841240576,80290375,1,0,0,0
1529575960,0,0,2069146161582,183,79680208896,286720,706121728,0,0,0,10139585,78.91647338867188,0,136302592,842506240,842452992,80310384,1,0,0,0
1529575980,0,0,2074246204829,186,79680208896,286720,708210688,0,0,0,10142722,114.68247985839844,0,136908800,845189120,845135872,80330358,1,0,0,0
1529576000,0,0,2077211565458,185,79680208896,286720,709398528,0,0,0,10145383,166.80592346191406,0,137400320,846843904,846790656,80350393,1,0,0,0
1529576020,0,0,2080057268765,180,79680208896,286720,710574080,0,0,0,10146516,72.05545806884766,0,137723904,848424960,848371712,80370376,1,0,0,0
1529576040,0,0,2083674531374,189,79680208896,286720,711999488,0,0,0,10149139,137.47758483886722,0,138006528,850108416,850055168,80390430,1,0,0,0
1529576060,0,0,2087244639847,181,79680208896,286720,713465856,0,0,0,10151835,136.99383544921878,0,138592256,852144128,852090880,80410436,1,0,0,0
1529576080,0,0,2093685792113,222,79680208896,286720,715612160,0,0,0,10155462,125.31888580322266,0,139747328,855392256,855339008,80430548,0,0,0,1
1529576100,0,0,2098303907725,248,79680208896,286720,716996608,0,0,0,10158179,146.47683715820312,0,140333056,857366528,857313280,80450445,0,0,0,1
1529576120,0,0,2101264859887,240,79680208896,286720,717897728,0,0,0,10159028,69.01007843017578,0,140783616,858800128,858742784,80470392,0,0,0,1
1529576140,0,0,2107071265059,249,79680208896,286720,719618048,0,0,0,10161588,109.80307006835938,0,141307904,860991488,860938240,80490323,0,0,0,1
1529576160,0,0,2111954167299,246,79680208896,286720,721100800,0,0,0,10163758,109.71973419189452,0,141852672,863055872,863002624,80510284,0,0,0,1
1529576180,0,0,2115731952424,251,79680208896,286720,722206720,0,0,0,10165562,120.28205871582031,0,142385152,864718848,864665600,80530315,0,0,0,1
1529576200,0,0,2122051724629,241,79680208896,286720,724148224,0,0,0,10168738,121.51730346679688,0,143220736,867463168,867409920,80550379,0,0,0,1
1529576220,0,0,2126648336002,243,79680208896,286720,725569536,0,0,0,10171152,127.76805877685548,0,143659008,869351424,869298176,80570367,0,0,0,1
1529576240,0,0,2132338109544,244,79680208896,286720,727289856,0,0,0,10174289,134.71720886230472,0,144384000,871694336,871641088,80590336,0,0,0,1
1529576260,0,0,2136668164570,220,79680208896,286720,728596480,0,0,0,10176493,112.22239685058594,0,145076224,873676800,873623552,80610337,0,0,0,1
1529576280,0,0,2140721131959,246,79680208896,286720,729837568,0,0,0,10177934,87.79730224609375,0,145600512,875491328,875438080,80630369,0,0,0,1
1529576300,0,0,2145040129291,248,79680208896,286720,731144192,0,0,0,10179825,108.78716278076172,0,146075648,877256704,877203456,80650305,0,0,0,1
1529576320,0,0,2152706319108,250,79680208896,286720,733429760,0,0,0,10183035,105.0024871826172,0,146653184,880168960,880115712,80670313,0,0,0,1
1529576340,0,0,2155703985048,253,79680208896,286720,734314496,0,0,0,10184398,115.1839828491211,0,146898944,881217536,881164288,80690300,0,0,0,1
1529576360,0,0,2159537961436,242,79680208896,286720,735465472,0,0,0,10186834,154.3359375,0,147365888,882950144,882896896,80710264,0,0,0,1
1529576380,0,0,2165940309128,245,79680208896,286720,737386496,0,0,0,10189986,120.8314971923828,0,148140032,885645312,885592064,80730371,0,0,0,1
1529576400,0,0,2170725305516,249,79680208896,286720,738816000,0,0,0,10192076,108.9890594482422,0,148500480,887422976,887369728,80750322,0,0,0,1
1529576420,0,0,2174545905760,245,79680208896,286720,739934208,0,0,0,10193616,98.80712890625,0,149020672,888963072,888909824,80770329,0,0,0,1
1529576440,0,0,2182264548320,250,79680208896,286720,742260736,0,0,0,10197723,133.25605773925778,0,149880832,892153856,892096512,80790398,0,0,0,1
1529576460,0,0,2184798893727,225,79680208896,286720,743006208,0,0,0,10198783,94.4859848022461,0,150089728,893177856,893124608,80810422,0,0,0,1
1529576480,0,0,2189141667159,243,79680208896,286720,744296448,0,0,0,10200955,121.6591567993164,0,150716416,895107072,895053824,80830367,0,0,0,1
1529576500,0,0,2195136170598,235,79680208896,286720,746196992,0,0,0,10204447,137.30815124511722,0,151728128,897925120,897871872,80850382,0,0,0,1
1529576520,0,0,2200223036014,245,79680208896,286720,747737088,0,0,0,10207057,125.81330871582031,0,152219648,900067328,900014080,80870309,0,0,0,1
1529576540,0,0,2204080073013,252,79680208896,286720,748904448,0,0,0,10208205,75.30169677734375,0,152670208,901640192,901586944,80890378,0,0,0,1
1529576560,0,0,2208852625986,242,79680208896,286720,750362624,0,0,0,10210649,124.30216979980469,0,153133056,903622656,903569408,80910364,0,0,0,1
1529576580,0,0,2213761891576,254,79680208896,286720,751808512,0,0,0,10212543,98.18187713623048,0,153620480,905539584,905486336,80930314,0,0,0,1
1529576600,0,0,2221352787594,248,79680208896,286720,754085888,0,0,0,10216320,123.53816986083984,0,154308608,908500992,908447744,80950328,0,0,0,1
1529576620,0,0,2224578420221,205,79680208896,286720,755261440,0,0,0,10218371,130.41926574707028,0,154529792,909893632,909840384,80970339,1,0,0,0
1529576640,0,0,2227090203572,174,79680208896,286720,756305920,0,0,0,10219767,97.1736831665039,0,154963968,911314944,911261696,80990313,1,0,0,0
1529576660,0,0,2229958844546,183,79680208896,286720,757493760,0,0,0,10221524,112.43026733398438,0,155197440,912740352,912687104,81010343,1,0,0,0
1529576680,0,0,2236518756710,187,79680208896,286720,760111104,0,0,0,10224792,93.3752899169922,0,156151808,916361216,916307968,81030305,1,0,0,0
1529576700,0,0,2239609100805,178,79680208896,286720,761401344,0,0,0,10227421,152.04283142089844,0,156487680,917995520,917942272,81050337,1,0,0,0
1529576720,0,0,2243215329367,183,79680208896,286720,762875904,0,0,0,10229791,120.42243957519531,0,156893184,919834624,919781376,81070330,1,0,0,0
1529576740,0,0,2246800430915,180,79680208896,286720,764354560,0,0,0,10232509,137.1361083984375,0,157487104,921849856,921796608,81090373,1,0,0,0
1529576760,0,0,2250294903041,182,79680208896,286720,765784064,0,0,0,10235181,139.8292236328125,0,157974528,923860992,923807744,81110369,1,0,0,0
1529576780,0,0,2252993550612,175,79680208896,286720,766926848,0,0,0,10236578,90.7674789428711,0,158355456,925376512,925323264,81130363,1,0,0,0
1529576800,0,0,2257738439200,183,79680208896,286720,768864256,0,0,0,10240283,143.14926147460938,0,158969856,927952896,927899648,81150349,1,0,0,0
1529576820,0,0,2260347198430,173,79680208896,286720,769982464,0,0,0,10241707,94.93515014648438,0,159461376,929554432,929501184,81170292,1,0,0,0
1529576840,0,0,2265408746856,178,79680208896,286720,772050944,0,0,0,10245748,142.3532257080078,0,160280576,932384768,932331520,81190279,1,0,0,0
1529576860,0,0,2267374156220,150,79680208896,286720,772755456,0,0,0,10247765,154.183349609375,0,160768000,933629952,933576704,81210293,1,0,0,0
1529576880,0,0,2269764761566,178,79680208896,286720,773746688,0,0,0,10249768,149.7672576904297,0,161173504,934973440,934920192,81230377,1,0,0,0
1529576900,0,0,2273124304632,181,79680208896,286720,775163904,0,0,0,10251888,114.48985290527344,0,161607680,936771584,936718336,81250320,1,0,0,0
1529576920,0,0,2277227353483,207,79680208896,286720,776638464,0,0,0,10254104,112.03091430664062,0,162267136,938983424,938930176,81270360,1,0,0,0
1529576940,0,0,2283640647757,183,79680208896,286720,779255808,0,0,0,10257356,92.79550170898438,0,163037184,942374912,942321664,81290374,1,0,0,0
1529576960,0,0,2285493170625,177,79680208896,286720,780034048,0,0,0,10258734,132.25724792480472,0,163422208,943460352,943407104,81310275,1,0,0,0
1529576980,0,0,2290958369918,186,79680208896,286720,782217216,0,0,0,10262215,118.88938903808594,0,164159488,946479104,946425856,81330387,1,0,0,0
1529577000,0,0,2294138403004,179,79680208896,286720,783544320,0,0,0,10264882,150.21533203125,0,164646912,948195328,948142080,81350297,1,0,0,0
1529577020,0,0,2297607145259,183,79680208896,286720,784957440,0,0,0,10267015,112.72847747802734,0,165220352,950194176,950140928,81370321,1,0,0,0
1529577040,0,0,2299937895976,186,79680208896,286720,785895424,0,0,0,10268397,110.59075164794922,0,165588992,951545856,951492608,81390341,1,0,0,0
1529577060,0,0,2305213547259,180,79680208896,286720,788074496,0,0,0,10272406,136.81980895996094,0,166252544,954343424,954290176,81410291,1,0,0,0
1529577080,0,0,2307138584828,173,79680208896,286720,788905984,0,0,0,10273792,124.6649169921875,0,166653952,955559936,955506688,81430334,1,0,0,0
1529577100,0,0,2310421454919,181,79680208896,286720,790253568,0,0,0,10276483,148.89306640625,0,167247872,957595648,957542400,81450275,0,0,1,0
1529577120,0,0,2314026989906,184,79680208896,286720,791719936,0,0,0,10278864,121.67893981933594,0,167698432,959537152,959483904,81470289,0,0,1,0
1529577140,0,0,2319386104737,183,79680208896,286720,793899008,0,0,0,10282640,129.32234191894528,0,168587264,962498560,962445312,81490313,0,0,1,0
1529577160,0,0,2322401619148,178,79680208896,286720,795164672,0,0,0,10284407,104.3500747680664,0,169029632,964300800,964247552,81510367,0,0,1,0
1529577180,0,0,2327085818528,184,79680208896,286720,797057024,0,0,0,10287229,111.27458953857422,0,169668608,966770688,966717440,81530261,0,0,1,0
1529577200,0,0,2330394688138,180,79680208896,286720,798425088,0,0,0,10289665,133.19613647460938,0,170254336,968699904,968646656,81550345,0,0,1,0
1529577220,0,0,2333209734625,184,79680208896,286720,799563776,0,0,0,10291406,113.98117065429688,0,170643456,970334208,970280960,81570329,0,0,1,0
1529577240,0,0,2335631551345,193,79680208896,286720,800497664,0,0,0,10293414,160.78094482421875,0,171008000,971513856,971460608,81590416,0,0,1,0
1529577260,0,0,2338963462415,183,79680208896,286720,801853440,0,0,0,10295443,111.6569595336914,0,171421696,973299712,973246464,81610323,0,0,1,0
1529577280,0,0,2345374874400,184,79680208896,286720,804454400,0,0,0,10299221,108.56971740722656,0,172474368,977051648,976998400,81630432,0,1,0,0
1529577300,0,0,2347404070364,182,79680208896,286720,805285888,0,0,0,10300307,97.52386474609376,0,172744704,978137088,978083840,81650463,0,1,0,0
1529577320,0,0,2351043115111,184,79680208896,286720,806764544,0,0,0,10302438,107.75509643554688,0,173223936,980103168,980049920,81670443,0,1,0,0
1529577340,0,0,2355843633251,184,79680208896,286720,808706048,0,0,0,10305649,123.37164306640624,0,174096384,982802432,982749184,81690444,0,1,0,0
1529577360,0,0,2358801370125,184,79680208896,286720,809906176,0,0,0,10306789,71.05882263183594,0,174522368,984457216,984403968,81710442,0,1,0,0
1529577380,0,0,2362063495828,187,79680208896,286720,811196416,0,0,0,10308929,122.93219757080078,0,175144960,986382336,986329088,81730409,0,1,0,0
1529577400,0,0,2367191252649,182,79680208896,286720,813301760,0,0,0,10311842,103.79879760742188,0,175738880,989102080,989048832,81750452,0,1,0,0
1529577420,0,0,2369069952902,182,79680208896,286720,814063616,0,0,0,10313188,130.92782592773438,0,176046080,990142464,990089216,81770388,0,1,0,0
1529577440,0,0,2374674074719,184,79680208896,286720,816340992,0,0,0,10315602,79.39198303222656,0,176889856,993247232,993193984,81790392,0,1,0,0
1529577460,0,0,2378217190753,187,79680208896,286720,817758208,0,0,0,10317706,111.16949462890624,0,177295360,995065856,995012608,81810438,0,1,0,0
1529577480,0,0,2381793042839,182,79680208896,286720,819220480,0,0,0,10319313,82.03944396972656,0,177864704,997183488,997130240,81830432,0,1,0,0
1529577500,0,0,2384382229614,182,79680208896,286720,820273152,0,0,0,10320715,98.98560333251952,0,178302976,998604800,998551552,81850461,0,1,0,0
1529577520,0,0,2387413040553,182,79680208896,286720,821510144,0,0,0,10323124,144.92547607421875,0,178737152,1000321024,1000267776,81870434,0,1,0,0
1529577540,0,0,2393050150592,183,79680208896,286720,823812096,0,0,0,10326389,106.27842712402344,0,179650560,1003581440,1003528192,81890411,0,1,0,0
1529577560,0,0,2394949916348,189,79680208896,286720,824553472,0,0,0,10327729,133.82928466796878,0,179933184,1004597248,1004544000,81910475,0,1,0,0
1529577580,0,0,2398053222482,186,79680208896,286720,825802752,0,0,0,10329490,106.06683349609376,0,180342784,1006223360,1006170112,81930523,0,1,0,0
1529577600,0,0,2404267505284,181,79680208896,286720,828354560,0,0,0,10333053,104.34396362304688,0,181104640,1009561600,1009508352,81950445,0,1,0,0
1529577620,0,0,2407188419885,180,79680208896,286720,829554688,0,0,0,10335228,134.61331176757812,0,181833728,1011388416,1011335168,81970378,0,1,0,0
1529577640,0,0,2409550935008,182,79680208896,286720,830504960,0,0,0,10336353,86.99273681640625,0,182235136,1012834304,1012781056,81990453,0,1,0,0
1529577660,0,0,2413097225238,184,79680208896,286720,831934464,0,0,0,10338229,97.5496063232422,0,182779904,1014841344,1014788096,82010483,0,1,0,0
1529577680,0,0,2416804528555,187,79680208896,286720,833417216,0,0,0,10340353,107.2672882080078,0,183279616,1016737792,1016684544,82030444,0,1,0,0
1529577700,0,0,2419914060960,182,79680208896,286720,834650112,0,0,0,10342153,105.74051666259766,0,183885824,1018609664,1018556416,82050465,0,1,0,0
1529577720,0,0,2425609389125,187,79680208896,286720,836911104,0,0,0,10345114,97.6305923461914,0,184811520,1021747200,1021693952,82070461,0,1,0,0
1529577740,0,0,2428331728061,187,79680208896,286720,837988352,0,0,0,10346867,120.98161315917969,0,185204736,1023307776,1023254528,82090504,0,1,0,0
1529577760,0,0,2434127272766,185,79680208896,286720,840245248,0,0,0,10350142,104.96697998046876,0,186187776,1026461696,1026408448,82110431,0,1,0,0
1529577780,0,0,2436935408887,181,79680208896,286720,841334784,0,0,0,10352264,136.85554504394528,0,186720256,1028120576,1028067328,82130423,0,1,0,0
1529577800,0,0,2440459119844,187,79680208896,286720,842686464,0,0,0,10354056,95.4547119140625,0,187285504,1030008832,1029955584,82150368,0,1,0,0
1529577820,0,0,2442510560124,191,79680208896,286720,843489280,0,0,0,10355227,109.44719696044922,0,187604992,1031221248,1031163904,82170459,0,1,0,0
1529577840,0,0,2446033839001,186,79680208896,286720,844840960,0,0,0,10356751,80.61566925048828,0,188235776,1033199616,1033146368,82190416,0,1,0,0
1529577860,0,0,2451350526468,185,79680208896,286720,846839808,0,0,0,10359400,92.2413558959961,0,189329408,1036193792,1036140544,82210418,0,1,0,0
1529577880,0,0,2455090183098,138,79680208896,286720,848101376,0,0,0,10362870,128.66560363769528,0,190099456,1038307328,1038254080,82230378,1,0,0,0
1529577900,0,0,2457161146287,135,79680208896,286720,848822272,0,0,0,10364904,132.61488342285156,0,190545920,1039368192,1039314944,82250314,1,0,0,0
1529577920,0,0,2459136041225,134,79680208896,286720,849506304,0,0,0,10366669,120.15103912353516,0,190984192,1040543744,1040490496,82270387,1,0,0,0
1529577940,0,0,2463142605024,137,79680208896,286720,850882560,0,0,0,10370407,128.05084228515622,0,191770624,1042780160,1042726912,82290356,1,0,0,0
1529577960,0,0,2466205531886,136,79680208896,286720,851939328,0,0,0,10372602,97.71257019042969,0,192450560,1044508672,1044455424,82310318,1,0,0,0
1529577980,0,0,2467877309291,136,79680208896,286720,852512768,0,0,0,10374312,139.44534301757812,0,192794624,1045430272,1045377024,82330342,1,0,0,0
1529578000,0,0,2471657097649,134,79680208896,286720,853835776,0,0,0,10377719,121.23351287841795,0,193662976,1047564288,1047511040,82350352,1,0,0,0
1529578020,0,0,2473399340187,113,79680208896,286720,854446080,0,0,0,10379514,116.56983947753906,0,193970176,1048510464,1048457216,82370402,1,0,0,0
1529578040,0,0,2474701182129,111,79680208896,286720,854876160,0,0,0,10380607,93.44365692138672,0,194301952,1049178112,1049124864,82390387,1,0,0,0
1529578060,0,0,2475737065505,66,79680208896,286720,855236608,0,0,0,10382587,126.73200988769531,0,194576384,1049935872,1049882624,82410435,1,0,0,0
1529578080,0,0,2477184420394,46,79680208896,286720,855695360,0,0,0,10387098,145.99365234375,0,194826240,1050632192,1050574848,82430376,1,0,0,0
1529578100,0,0,2478945499157,93,79680208896,286720,856305664,0,0,0,10388735,86.59452819824219,0,195276800,1051709440,1051656192,82450389,1,0,0,0
1529578120,0,0,2479206054339,17,79680208896,286720,856371200,0,0,0,10390377,112.43273162841795,0,195317760,1051774976,1051721728,82470404,1,0,0,0
1529578140,0,0,2479492065915,10,79680208896,286720,856432640,0,0,0,10393932,135.4345703125,0,195342336,1051774976,1051721728,82490417,1,0,0,0
1529578160,0,0,2479660101784,9,79680208896,286720,856473600,0,0,0,10395238,74.20648956298828,0,195371008,1051967488,1051914240,82510389,1,0,0,0
1529578180,0,0,2479864484771,10,79680208896,286720,856514560,0,0,0,10397808,135.21110534667972,0,195387392,1051979776,1051926528,82530313,1,0,0,0
1529578200,0,0,2480063938811,10,79680208896,286720,856555520,0,0,0,10400357,139.75546264648438,0,195411968,1052049408,1051996160,82550385,1,0,0,0
1529578220,0,0,2480361125368,10,79680208896,286720,856621056,0,0,0,10403911,125.10308837890624,0,195432448,1052053504,1052000256,82570345,1,0,0,0
1529578240,0,0,2480523382031,10,79680208896,286720,856662016,0,0,0,10405841,126.86712646484376,0,195440640,1052102656,1052049408,82590398,1,0,0,0
1529578260,0,0,2480667198848,10,79680208896,286720,856690688,0,0,0,10407766,144.06195068359375,0,195448832,1052225536,1052172288,82610383,1,0,0,0
1529578280,0,0,2480867545645,10,79680208896,286720,856731648,0,0,0,10410325,132.51284790039062,0,195489792,1052348416,1052295168,82630324,1,0,0,0
1529578300,0,0,2481228948743,10,79680208896,286720,856813568,0,0,0,10413908,103.646240234375,0,195555328,1052446720,1052393472,82650320,1,0,0,0
1529578320,0,0,2481376539412,10,79680208896,286720,856846336,0,0,0,10415824,137.34703063964844,0,195584000,1052430336,1052377088,82670315,1,0,0,0
1529578340,0,0,2482206958433,37,79680208896,286720,857133056,0,0,0,10419116,147.20632934570312,0,195985408,1053122560,1053069312,82690385,1,0,0,0
1529578360,0,0,2483873228427,98,79680208896,286720,857755648,0,0,0,10420907,106.1910400390625,0,196542464,1054396416,1054343168,82710338,1,0,0,0
1529578380,0,0,2485202096988,48,79680208896,286720,858189824,0,0,0,10423954,111.04863739013672,0,196984832,1055240192,1055186944,82730347,1,0,0,0
1529578400,0,0,2486896013891,107,79680208896,286720,858771456,0,0,0,10426620,168.719970703125,0,197537792,1056415744,1056362496,82750302,1,0,0,0
1529578420,0,0,2487505045568,58,79680208896,286720,858972160,0,0,0,10427940,126.71852111816406,0,197726208,1056825344,1056772096,82770367,1,0,0,0
1529578440,0,0,2487886759729,12,79680208896,286720,859062272,0,0,0,10431786,120.9200668334961,0,197787648,1056976896,1056923648,82790379,1,0,0,0
1529578460,0,0,2488026297116,10,79680208896,286720,859090944,0,0,0,10433082,99.42198944091795,0,197816320,1057030144,1056976896,82810405,1,0,0,0
1529578480,0,0,2488182717466,11,79680208896,286720,859123712,0,0,0,10435628,185.1585235595703,0,197857280,1056980992,1056927744,82830406,0,0,0,1
1529578500,0,0,2488851602614,19,79680208896,286720,859201536,0,0,0,10438655,89.34056854248047,0,197947392,1057148928,1057095680,82850364,0,0,0,1
1529578520,0,0,2489354865812,23,79680208896,286720,859254784,0,0,0,10440112,66.73583221435547,0,197992448,1057357824,1057304576,82870374,0,0,0,1
1529578540,0,0,2489652880349,23,79680208896,286720,859283456,0,0,0,10441483,106.45178985595705,0,198008832,1057378304,1057325056,82890410,0,1,0,0
1529578560,0,0,2489822627594,10,79680208896,286720,859324416,0,0,0,10442855,83.91771697998047,0,198025216,1057472512,1057419264,82910462,0,1,0,0
1529578580,0,0,2490098475948,10,79680208896,286720,859381760,0,0,0,10445321,94.97803497314452,0,198053888,1057521664,1057468416,82930395,0,1,0,0
1529578600,0,0,2490222281796,10,79680208896,286720,859410432,0,0,0,10446070,61.44742965698242,0,198074368,1057554432,1057501184,82950480,0,1,0,0
1529578620,0,0,2490540088598,10,79680208896,286720,859480064,0,0,0,10448961,94.53943634033205,0,198098944,1057579008,1057525760,82970355,0,1,0,0
1529578640,0,0,2490720417678,10,79680208896,286720,859521024,0,0,0,10450957,120.33480834960938,0,198119424,1057640448,1057587200,82990425,0,1,0,0
1529578660,0,0,2490909683015,10,79680208896,286720,859557888,0,0,0,10452902,106.81145477294922,0,198135808,1057783808,1057730560,83010392,0,1,0,0
1529578680,0,0,2491028294482,10,79680208896,286720,859582464,0,0,0,10453977,99.1438980102539,0,198176768,1057865728,1057812480,83030453,0,1,0,0
1529578700,0,0,2491393530839,10,79680208896,286720,859664384,0,0,0,10456761,78.72404479980469,0,198254592,1057918976,1057865728,83050376,0,1,0,0
1529578720,0,0,2491515569747,10,79680208896,286720,859697152,0,0,0,10457780,85.62857055664062,0,198291456,1057988608,1057935360,83070439,0,1,0,0
1529578740,0,0,2491693342902,10,79680208896,286720,859734016,0,0,0,10459785,119.6068878173828,0,198311936,1058127872,1058074624,83090348,0,1,0,0
1529578760,0,0,2491842351524,10,79680208896,286720,859766784,0,0,0,10461690,131.9560546875,0,198332416,1058222080,1058168832,83110314,0,1,0,0
1529578780,0,0,2492056012463,10,79680208896,286720,859811840,0,0,0,10463160,73.87012481689453,0,198361088,1058172928,1058119680,83130379,0,1,0,0
1529578800,0,0,2492251329348,10,79680208896,286720,859856896,0,0,0,10464280,58.85622787475586,0,198406144,1058390016,1058336768,83150275,0,1,0,0
1529578820,0,0,2492646172339,10,79680208896,286720,859947008,0,0,0,10468311,108.67981719970705,0,198455296,1058529280,1058476032,83170315,0,1,0,0
1529578840,0,0,2492793482373,10,79680208896,286720,859979776,0,0,0,10470220,137.5745849609375,0,198471680,1058578432,1058525184,83190381,0,1,0,0
1529578860,0,0,2492982744191,10,79680208896,286720,860020736,0,0,0,10471880,90.6451416015625,0,198520832,1058660352,1058607104,83210324,0,1,0,0
1529578880,0,0,2493281593082,10,79680208896,286720,860082176,0,0,0,10474894,109.0049285888672,0,198569984,1058717696,1058664448,83230292,0,1,0,0
1529578900,0,0,2493487674146,10,79680208896,286720,860131328,0,0,0,10477189,119.9399642944336,0,198590464,1058848768,1058795520,83250316,0,1,0,0
1529578920,0,0,2493623382743,10,79680208896,286720,860160000,0,0,0,10478483,100.4526138305664,0,198610944,1058889728,1058836480,83270306,0,1,0,0
1529578940,0,0,2493897849602,10,79680208896,286720,860221440,0,0,0,10481236,106.26609802246094,0,198639616,1058861056,1058803712,83290351,0,1,0,0
1529578960,0,0,2494099168781,11,79680208896,286720,860258304,0,0,0,10483016,99.23206329345705,0,198795264,1059053568,1059000320,83310368,0,1,0,0
1529578980,0,0,2494370066853,10,79680208896,286720,860319744,0,0,0,10484514,57.31771850585938,0,198848512,1059254272,1059201024,83330339,0,1,0,0
1529579000,0,0,2494560434386,11,79680208896,286720,860360704,0,0,0,10486513,116.11534118652344,0,198885376,1059368960,1059315712,83350316,0,1,0,0
1529579020,0,0,2494763936457,10,79680208896,286720,860405760,0,0,0,10488259,93.16781616210938,0,198914048,1059401728,1059348480,83370258,1,0,0,0
1529579040,0,0,2494885237628,10,79680208896,286720,860430336,0,0,0,10489548,110.6486587524414,0,198926336,1059389440,1059336192,83390273,1,0,0,0
1529579060,0,0,2495182110903,10,79680208896,286720,860499968,0,0,0,10493115,123.5650863647461,0,198959104,1059536896,1059483648,83410338,1,0,0,0
1529579080,0,0,2495363194872,10,79680208896,286720,860536832,0,0,0,10495678,144.9276123046875,0,198979584,1059516416,1059463168,83430368,1,0,0,0
1529579100,0,0,2495611549616,10,79680208896,286720,860594176,0,0,0,10498255,105.2728271484375,0,199000064,1059721216,1059667968,83450279,1,0,0,0
1529579120,0,0,2495755241714,10,79680208896,286720,860626944,0,0,0,10500184,143.06040954589844,0,199028736,1059766272,1059713024,83470376,1,0,0,0
1529579140,0,0,2496577297699,30,79680208896,286720,860884992,0,0,0,10503462,121.71675872802734,0,199356416,1060241408,1060188160,83490292,1,0,0,0
1529579160,0,0,2496688161687,10,79680208896,286720,860909568,0,0,0,10504730,120.7344970703125,0,199376896,1060364288,1060311040,83510401,1,0,0,0
1529579180,0,0,2496828934051,10,79680208896,286720,860942336,0,0,0,10506647,145.12396240234375,0,199401472,1060417536,1060364288,83530335,1,0,0,0
1529579200,0,0,2499383349654,85,79680208896,286720,861818880,0,0,0,10510416,126.33536529541016,0,200286208,1062211584,1062158336,83550351,1,0,0,0
1529579220,0,0,2499964816883,46,79680208896,286720,862011392,0,0,0,10512095,135.60615539550778,0,200413184,1062506496,1062453248,83570361,1,0,0,0
1529579240,0,0,2500188221276,12,79680208896,286720,862056448,0,0,0,10514375,124.21923828125,0,200462336,1062518784,1062465536,83590392,1,0,0,0
1529579260,0,0,2500512090277,11,79680208896,286720,862126080,0,0,0,10517601,109.9955596923828,0,200507392,1062723584,1062670336,83610310,1,0,0,0
1529579280,0,0,2500686792521,11,79680208896,286720,862162944,0,0,0,10519524,121.21324157714844,0,200531968,1062821888,1062768640,83630319,1,0,0,0
1529579300,0,0,2500863767376,11,79680208896,286720,862199808,0,0,0,10522072,165.7623748779297,0,200626176,1062825984,1062772736,83650290,1,0,0,0
1529579320,0,0,2501217380235,10,79680208896,286720,862273536,0,0,0,10525641,109.37915802001952,0,200671232,1062944768,1062887424,83670330,1,0,0,0
1529579340,0,0,2501462492058,10,79680208896,286720,862326784,0,0,0,10528210,111.88926696777344,0,200724480,1063174144,1063120896,83690345,1,0,0,0
1529579360,0,0,2501634607411,11,79680208896,286720,862359552,0,0,0,10530751,163.6132354736328,0,200732672,1063092224,1063038976,83710368,1,0,0,0
1529579380,0,0,2501891430465,10,79680208896,286720,862416896,0,0,0,10533330,107.13507843017578,0,200765440,1063264256,1063211008,83730298,1,0,0,0
1529579400,0,0,2502088377620,12,79680208896,286720,862453760,0,0,0,10535898,159.68051147460938,0,200941568,1063395328,1063342080,83750362,1,0,0,0
1529579420,0,0,2502360195756,10,79680208896,286720,862515200,0,0,0,10538484,103.61455535888672,0,200974336,1063612416,1063559168,83770318,1,0,0,0
1529579440,0,0,2502526821241,10,79680208896,286720,862547968,0,0,0,10541028,166.6631317138672,0,200986624,1063661568,1063608320,83790329,1,0,0,0
1529579460,0,0,2502702949047,10,79680208896,286720,862588928,0,0,0,10542964,111.70880126953124,0,201003008,1063718912,1063665664,83810273,1,0,0,0
1529579480,0,0,2502894757955,10,79680208896,286720,862629888,0,0,0,10544885,108.46964263916016,0,201007104,1063763968,1063710720,83830258,1,0,0,0
1529579500,0,0,2503019701610,11,79680208896,286720,862654464,0,0,0,10546180,120.30368041992188,0,201015296,1063755776,1063702528,83850318,0,0,0,1
1529579520,0,0,2503669930046,17,79680208896,286720,862744576,0,0,0,10550202,106.36224365234376,0,201138176,1063964672,1063911424,83870359,0,0,0,1
1529579540,0,0,2503958495710,22,79680208896,286720,862773248,0,0,0,10551216,80.75802612304688,0,201146368,1063919616,1063866368,83890290,0,0,0,1
1529579560,0,0,2504570815006,22,79680208896,286720,862834688,0,0,0,10554224,112.0936279296875,0,201187328,1064022016,1063968768,83910359,0,0,0,1
1529579580,0,0,2504937972806,21,79680208896,286720,862871552,0,0,0,10556226,119.59943389892578,0,201199616,1064071168,1064017920,83930421,0,0,0,1
1529579600,0,0,2505159639081,21,79680208896,286720,862892032,0,0,0,10557227,98.0548095703125,0,201203712,1064222720,1064169472,83950284,0,0,0,1
1529579620,0,0,2505560683171,22,79680208896,286720,862937088,0,0,0,10559160,109.04794311523438,0,201211904,1064275968,1064222720,83970380,0,0,0,1
1529579640,0,0,2506357867460,22,79680208896,286720,863019008,0,0,0,10562259,86.43057250976562,0,201252864,1064271872,1064218624,83990287,0,0,0,1
1529579660,0,0,2506650296379,24,79680208896,286720,863047680,0,0,0,10563553,109.05433654785156,0,201265152,1064394752,1064341504,84010342,0,0,0,1
1529579680,0,0,2510649187018,143,79680208896,286720,863858688,0,0,0,10566874,119.50791931152344,0,202551296,1066459136,1066405888,84030378,0,0,0,1
1529579700,0,0,2512047743477,104,79680208896,286720,864104448,0,0,0,10568562,126.62425994873048,0,202743808,1066975232,1066921984,84050287,0,0,0,1
1529579720,0,0,2512386158732,32,79680208896,286720,864137216,0,0,0,10569566,95.21537017822266,0,202756096,1067020288,1066967040,84070284,0,0,0,1
1529579740,0,0,2512840489677,23,79680208896,286720,864182272,0,0,0,10570683,58.42253494262695,0,202788864,1066971136,1066917888,84090297,0,0,0,1
1529579760,0,0,2513624186610,23,79680208896,286720,864260096,0,0,0,10574409,113.4697723388672,0,202829824,1067171840,1067118592,84110417,0,0,0,1
1529579780,0,0,2513911066847,24,79680208896,286720,864284672,0,0,0,10575417,86.13980102539062,0,202833920,1067196416,1067143168,84130268,0,0,0,1
1529579800,0,0,2514347005334,23,79680208896,286720,864325632,0,0,0,10577149,93.65420532226562,0,202838016,1067249664,1067196416,84150424,1,0,0,0
1529579820,0,0,2514858434046,15,79680208896,286720,864403456,0,0,0,10580744,109.82374572753906,0,202887168,1067376640,1067323392,84170297,1,0,0,0
1529579840,0,0,2514971394190,10,79680208896,286720,864423936,0,0,0,10582022,119.6615219116211,0,202903552,1067327488,1067274240,84190364,1,0,0,0
1529579860,0,0,2515252071228,10,79680208896,286720,864485376,0,0,0,10585858,147.96694946289062,0,202936320,1067544576,1067491328,84210267,1,0,0,0
1529579880,0,0,2515432596087,10,79680208896,286720,864522240,0,0,0,10587155,78.49983215332031,0,202960896,1067548672,1067495424,84230296,1,0,0,0
1529579900,0,0,2515740148548,10,79680208896,286720,864587776,0,0,0,10590997,136.58992004394528,0,202989568,1067704320,1067651072,84250338,1,0,0,0
1529579920,0,0,2515907802552,11,79680208896,286720,864624640,0,0,0,10593268,150.25209045410156,0,203005952,1067757568,1067704320,84270353,1,0,0,0
1529579940,0,0,2516082094920,10,79680208896,286720,864665600,0,0,0,10594577,75.59525299072266,0,203022336,1067761664,1067708416,84290366,1,0,0,0
1529579960,0,0,2516268550901,10,79680208896,286720,864702464,0,0,0,10597116,144.21249389648438,0,203051008,1067880448,1067827200,84310322,1,0,0,0
1529579980,0,0,2516559689933,10,79680208896,286720,864768000,0,0,0,10600944,141.01412963867188,0,203128832,1068019712,1067966464,84330327,1,0,0,0
1529580000,0,0,2516676486631,10,79680208896,286720,864792576,0,0,0,10602226,118.21031188964844,0,203141120,1067933696,1067880448,84350270,1,0,0,0
1529580020,0,0,2517005466157,10,79680208896,286720,864862208,0,0,0,10605789,119.01471710205078,0,203177984,1068113920,1068056576,84370270,1,0,0,0
1529580040,0,0,2517133420324,10,79680208896,286720,864894976,0,0,0,10607085,103.34427642822266,0,203206656,1068224512,1068171264,84390324,1,0,0,0
1529580060,0,0,2517370786743,10,79680208896,286720,864944128,0,0,0,10609656,115.1121826171875,0,203235328,1068253184,1068199936,84410287,1,0,0,0
1529580080,0,0,2517523538569,10,79680208896,286720,864972800,0,0,0,10611926,160.32070922851562,0,203251712,1068351488,1068298240,84430335,1,0,0,0
1529580100,0,0,2517726498695,10,79680208896,286720,865021952,0,0,0,10614491,132.13088989257812,0,203284480,1068392448,1068339200,84450354,1,0,0,0
1529580120,0,0,2517905472823,10,79680208896,286720,865058816,0,0,0,10616425,111.94486236572266,0,203313152,1068462080,1068408832,84470298,1,0,0,0
1529580140,0,0,2518264238619,11,79680208896,286720,865132544,0,0,0,10620367,124.5893096923828,0,203423744,1068556288,1068503040,84490313,1,0,0,0
1529580160,0,0,2518425395592,10,79680208896,286720,865173504,0,0,0,10621677,83.8743896484375,0,203448320,1068744704,1068691456,84510284,1,0,0,0
1529580180,0,0,2518764261726,11,79680208896,286720,865239040,0,0,0,10625521,127.0380859375,0,203489280,1068728320,1068675072,84530333,1,0,0,0
1529580200,0,0,2518926371214,10,79680208896,286720,865275904,0,0,0,10628062,172.3096466064453,0,203513856,1068912640,1068859392,84550336,1,0,0,0
1529580220,0,0,2519120321096,10,79680208896,286720,865316864,0,0,0,10630344,122.58870697021484,0,203546624,1068863488,1068810240,84570297,1,0,0,0
1529580240,0,0,2519379287126,10,79680208896,286720,865378304,0,0,0,10632931,100.72122192382812,0,203599872,1069096960,1069043712,84590261,1,0,0,0
1529580260,0,0,2519506229350,10,79680208896,286720,865402880,0,0,0,10634225,107.38406372070312,0,203669504,1069158400,1069105152,84610373,1,0,0,0
1529580280,0,0,2519761230310,11,79680208896,286720,865460224,0,0,0,10638060,166.23973083496094,0,203726848,1069314048,1069260800,84630326,1,0,0,0
1529580300,0,0,2519884469780,10,79680208896,286720,865484800,0,0,0,10639350,114.63738250732422,0,203755520,1069322240,1069268992,84650362,1,0,0,0
1529580320,0,0,2520244054391,10,79680208896,286720,865562624,0,0,0,10643204,113.3369369506836,0,203804672,1069449216,1069395968,84670356,1,0,0,0
1529580340,0,0,2520404347839,11,79680208896,286720,865595392,0,0,0,10645464,156.69137573242188,0,203833344,1069518848,1069461504,84690373,1,0,0,0
1529580360,0,0,2520519753849,10,79680208896,286720,865619968,0,0,0,10646742,113.66751098632812,0,203837440,1069457408,1069404160,84710350,1,0,0,0
1529580380,0,0,2520868925736,10,79680208896,286720,865697792,0,0,0,10650311,107.93675231933594,0,203882496,1069686784,1069633536,84730328,1,0,0,0
1529580400,0,0,2520991649959,10,79680208896,286720,865726464,0,0,0,10651606,110.2320327758789,0,203898880,1069703168,1069649920,84750368,1,0,0,0
1529580420,0,0,2521149264263,11,79680208896,286720,865755136,0,0,0,10653867,164.12692260742188,0,203919360,1069674496,1069621248,84770385,1,0,0,0
1529580440,0,0,2521498458539,10,79680208896,286720,865832960,0,0,0,10657447,109.32095336914062,0,203993088,1069826048,1069772800,84790345,1,0,0,0
1529580460,0,0,2521680697127,10,79680208896,286720,865869824,0,0,0,10660014,149.16111755371094,0,204017664,1069977600,1069924352,84810394,1,0,0,0
1529580480,0,0,2521841171350,10,79680208896,286720,865902592,0,0,0,10661321,87.06180572509766,0,204046336,1070030848,1069977600,84830327,1,0,0,0
1529580500,0,0,2522128267225,10,79680208896,286720,865968128,0,0,0,10665128,144.9700927734375,0,204099584,1070194688,1070141440,84850323,1,0,0,0
1529580520,0,0,2522243461408,10,79680208896,286720,865992704,0,0,0,10666418,119.78384399414062,0,204111872,1070190592,1070137344,84870385,1,0,0,0
1529580540,0,0,2522545016636,10,79680208896,286720,866058240,0,0,0,10670249,135.67109680175778,0,204161024,1070346240,1070292992,84890397,1,0,0,0
1529580560,0,0,2522682278252,10,79680208896,286720,866091008,0,0,0,10671552,96.40206146240234,0,204189696,1070280704,1070227456,84910328,1,0,0,0
1529580580,0,0,2523005520851,10,79680208896,286720,866156544,0,0,0,10675144,120.1941909790039,0,204255232,1070497792,1070444544,84930314,1,0,0,0
1529580600,0,0,2523151448463,10,79680208896,286720,866193408,0,0,0,10675890,52.65632247924805,0,204267520,1070493696,1070436352,84950321,1,0,0,0
1529580620,0,0,2523308351526,10,79680208896,286720,866222080,0,0,0,10678415,177.00425720214844,0,204300288,1070649344,1070596096,84970400,1,0,0,0
1529580640,0,0,2523506800666,10,79680208896,286720,866271232,0,0,0,10680982,133.12863159179688,0,204328960,1070682112,1070628864,84990473,1,0,0,0
1529580660,0,0,2523816863907,10,79680208896,286720,866332672,0,0,0,10684807,131.41389465332028,0,204369920,1070702592,1070649344,85010315,1,0,0,0
1529580680,0,0,2523939519470,9,79680208896,286720,866365440,0,0,0,10686107,105.50592803955078,0,204382208,1070747648,1070690304,85030306,1,0,0,0
1529580700,0,0,2524285469027,10,79680208896,286720,866435072,0,0,0,10689962,119.1384048461914,0,204419072,1070854144,1070800896,85050287,1,0,0,0
1529580720,0,0,2524397085698,10,79680208896,286720,866463744,0,0,0,10691252,120.17039489746094,0,204435456,1070981120,1070927872,85070323,1,0,0,0
1529580740,0,0,2524692512215,10,79680208896,286720,866525184,0,0,0,10695087,141.30560302734375,0,204476416,1071001600,1070948352,85090330,1,0,0,0
1529580760,0,0,2524804520083,10,79680208896,286720,866549760,0,0,0,10696370,121.80529022216795,0,204488704,1071112192,1071058944,85110478,1,0,0,0
1529580780,0,0,2525146530253,10,79680208896,286720,866619392,0,0,0,10699111,87.30843353271484,0,204525568,1071144960,1071091712,85130352,0,1,0,0
1529580800,0,0,2525265184756,10,79680208896,286720,866648064,0,0,0,10699851,64.36741638183594,0,204541952,1071276032,1071222784,85150445,0,1,0,0
1529580820,0,0,2525578643352,10,79680208896,286720,866713600,0,0,0,10703147,113.73680114746094,0,204591104,1071431680,1071378432,85170412,0,1,0,0
1529580840,0,0,2525747857588,10,79680208896,286720,866750464,0,0,0,10704876,112.27289581298828,0,204627968,1071505408,1071452160,85190384,0,1,0,0
1529580860,0,0,2525932883035,10,79680208896,286720,866791424,0,0,0,10705986,62.49304580688477,0,204648448,1071439872,1071386624,85210381,0,1,0,0
1529580880,0,0,2526188542887,10,79680208896,286720,866848768,0,0,0,10708381,96.354248046875,0,204713984,1071648768,1071595520,85230375,0,1,0,0
1529580900,0,0,2526377244424,10,79680208896,286720,866889728,0,0,0,10710664,129.30215454101562,0,204746752,1071636480,1071583232,85250451,0,1,0,0
1529580920,0,0,2526483274943,10,79680208896,286720,866914304,0,0,0,10711947,127.09375762939452,0,204779520,1071779840,1071726592,85270393,0,1,0,0
1529580940,0,0,2526791680926,10,79680208896,286720,866979840,0,0,0,10715257,113.24864196777344,0,204840960,1071910912,1071857664,85290463,0,1,0,0
1529580960,0,0,2527001944080,10,79680208896,286720,867028992,0,0,0,10717548,115.17750549316406,0,204881920,1071910912,1071853568,85310369,0,1,0,0
1529580980,0,0,2527261235945,10,79680208896,286720,867086336,0,0,0,10720154,101.51090240478516,0,204926976,1072091136,1072037888,85330426,0,1,0,0
1529581000,0,0,2527393491200,10,79680208896,286720,867115008,0,0,0,10721534,113.160888671875,0,204996608,1072111616,1072058368,85350405,0,1,0,0
1529581020,0,0,2527659415824,10,79680208896,286720,867172352,0,0,0,10723928,95.4359130859375,0,205045760,1072218112,1072164864,85370390,0,1,0,0
1529581040,0,0,2527849965115,10,79680208896,286720,867213312,0,0,0,10725928,114.02041625976562,0,205070336,1072283648,1072230400,85390439,0,1,0,0
1529581060,0,0,2528051568817,10,79680208896,286720,867254272,0,0,0,10727673,90.26897430419922,0,205111296,1072455680,1072402432,85410348,0,1,0,0
1529581080,0,0,2528195266107,10,79680208896,286720,867291136,0,0,0,10728412,52.600486755371094,0,205168640,1072574464,1072521216,85430300,1,0,0,0
1529581100,0,0,2528527489017,10,79680208896,286720,867360768,0,0,0,10732276,120.18054962158205,0,205209600,1072652288,1072599040,85450384,1,0,0,0
1529581120,0,0,2528713847752,11,79680208896,286720,867401728,0,0,0,10734834,151.31605529785156,0,205238272,1072717824,1072664576,85470329,1,0,0,0
1529581140,0,0,2528865304618,10,79680208896,286720,867434496,0,0,0,10736761,128.5382080078125,0,205266944,1072701440,1072648192,85490318,1,0,0,0
1529581160,0,0,2529024517668,10,79680208896,286720,867475456,0,0,0,10738714,130.26365661621094,0,205422592,1072971776,1072918528,85510341,1,0,0,0
1529581180,0,0,2529327455351,10,79680208896,286720,867536896,0,0,0,10741992,110.90850830078124,0,205471744,1073127424,1073074176,85530341,1,0,0,0
1529581200,0,0,2529523905258,10,79680208896,286720,867581952,0,0,0,10744284,125.40557861328124,0,205512704,1073184768,1073131520,85550341,1,0,0,0
1529581220,0,0,2529751674980,10,79680208896,286720,867631104,0,0,0,10746303,94.76334381103516,0,205549568,1073258496,1073205248,85570383,1,0,0,0
1529581240,0,0,2529934134179,10,79680208896,286720,867672064,0,0,0,10748850,146.19822692871094,0,205561856,1073233920,1073180672,85590336,1,0,0,0
1529581260,0,0,2530121086230,11,79680208896,286720,867708928,0,0,0,10750165,79.00688171386719,0,205582336,1073364992,1073311744,85610369,1,0,0,0
1529581280,0,0,2530348048808,11,79680208896,286720,867753984,0,0,0,10752438,118.1554183959961,0,205611008,1073491968,1073438720,85630418,1,0,0,0
1529581300,0,0,2530513250739,10,79680208896,286720,867790848,0,0,0,10754990,164.42811584472656,0,205619200,1073496064,1073442816,85650378,1,0,0,0
1529581320,0,0,2530843442961,10,79680208896,286720,867864576,0,0,0,10758825,120.8451919555664,0,205664256,1073528832,1073475584,85670311,1,0,0,0
1529581340,0,0,2531052413536,10,79680208896,286720,867905536,0,0,0,10761398,132.00970458984378,0,205692928,1073688576,1073635328,85690408,1,0,0,0
1529581360,0,0,2531208708171,10,79680208896,286720,867946496,0,0,0,10762705,85.30892181396484,0,205709312,1073782784,1073729536,85710370,1,0,0,0
1529581380,0,0,2531503609936,10,79680208896,286720,868012032,0,0,0,10766538,135.4794921875,0,205742080,1073836032,1073782784,85730434,1,0,0,0
1529581400,0,0,2531736425762,12,79680208896,286720,868057088,0,0,0,10768999,132.34503173828122,0,205844480,1073934336,1073881088,85750395,1,0,0,0
1529581420,0,0,2533256209477,86,79680208896,286720,868552704,0,0,0,10771674,151.96945190429688,0,206360576,1074950144,1074892800,85770337,1,0,0,0
1529581440,0,0,2534788734103,92,79680208896,286720,869081088,0,0,0,10773723,123.95232391357422,0,206848000,1076011008,1075957760,85790352,1,0,0,0
1529581460,0,0,2535011976981,18,79680208896,286720,869138432,0,0,0,10775635,162.13082885742188,0,206880768,1076109312,1076056064,85810391,1,0,0,0
1529581480,0,0,2535327493108,10,79680208896,286720,869212160,0,0,0,10779477,129.44157409667972,0,206929920,1076228096,1076174848,85830375,1,0,0,0
1529581500,0,0,2535475039196,10,79680208896,286720,869244928,0,0,0,10780771,87.859375,0,206954496,1076322304,1076269056,85850380,1,0,0,0
1529581520,0,0,2535676560555,10,79680208896,286720,869289984,0,0,0,10783327,133.52304077148438,0,206979072,1076269056,1076215808,85870365,1,0,0,0
1529581540,0,0,2535892904801,10,79680208896,286720,869330944,0,0,0,10785887,130.00338745117188,0,206999552,1076457472,1076404224,85890401,1,0,0,0
1529581560,0,0,2536194631279,10,79680208896,286720,869400576,0,0,0,10789455,123.10791778564452,0,207028224,1076555776,1076502528,85910372,0,1,0,0
1529581580,0,0,2536342029382,10,79680208896,286720,869433344,0,0,0,10790473,70.44368743896484,0,207048704,1076559872,1076506624,85930400,0,1,0,0
1529581600,0,0,2536509025909,10,79680208896,286720,869470208,0,0,0,10792467,129.569580078125,0,207065088,1076617216,1076563968,85950492,0,1,0,0
1529581620,0,0,2536789574333,10,79680208896,286720,869531648,0,0,0,10795408,110.0459976196289,0,207093760,1076752384,1076699136,85970400,0,1,0,0
1529581640,0,0,2536989519667,10,79680208896,286720,869576704,0,0,0,10797965,134.61906433105472,0,207122432,1076699136,1076645888,85990366,0,1,0,0
1529581660,0,0,2537184516060,10,79680208896,286720,869617664,0,0,0,10799638,89.07852172851562,0,207151104,1076895744,1076842496,86010378,0,1,0,0
1529581680,0,0,2537421378616,10,79680208896,286720,869670912,0,0,0,10801738,96.8573989868164,0,207187968,1076985856,1076932608,86030418,0,1,0,0
1529581700,0,0,2537704461199,10,79680208896,286720,869732352,0,0,0,10804405,100.13014221191406,0,207261696,1077075968,1077022720,86050401,0,1,0,0
1529581720,0,0,2537807254442,10,79680208896,286720,869752832,0,0,0,10805138,72.15384674072266,0,207282176,1077035008,1076981760,86070537,0,1,0,0
1529581740,0,0,2538093646434,10,79680208896,286720,869818368,0,0,0,10807609,90.58979034423828,0,207323136,1077268480,1077215232,86090427,0,1,0,0
1529581760,0,0,2538288484668,10,79680208896,286720,869859328,0,0,0,10809330,91.616455078125,0,207368192,1077354496,1077301248,86110439,0,1,0,0
1529581780,0,0,2538467053868,10,79680208896,286720,869904384,0,0,0,10810741,80.92073059082031,0,207462400,1077493760,1077440512,86130437,0,1,0,0
1529581800,0,0,2538596145726,11,79680208896,286720,869928960,0,0,0,10812101,116.7463836669922,0,207486976,1077538816,1077485568,86150409,0,1,0,0
1529581820,0,0,2538914630136,10,79680208896,286720,869998592,0,0,0,10815107,98.71075439453124,0,207540224,1077665792,1077612544,86170420,0,1,0,0
1529581840,0,0,2539065151585,9,79680208896,286720,870035456,0,0,0,10816144,66.0478515625,0,207585280,1077690368,1077637120,86190394,0,1,0,0
1529581860,0,0,2539262211298,10,79680208896,286720,870076416,0,0,0,10818165,108.13959503173828,0,207618048,1077772288,1077714944,86210375,1,0,0,0
1529581880,0,0,2539548476068,10,79680208896,286720,870137856,0,0,0,10822002,139.28804016113278,0,207679488,1077895168,1077841920,86230348,1,0,0,0
1529581900,0,0,2539665094678,10,79680208896,286720,870170624,0,0,0,10823286,113.0512466430664,0,207691776,1077936128,1077878784,86250375,1,0,0,0
1529581920,0,0,2539943428092,10,79680208896,286720,870227968,0,0,0,10826564,125.5311050415039,0,207753216,1078104064,1078050816,86270330,1,0,0,0
1529581940,0,0,2540132518799,10,79680208896,286720,870273024,0,0,0,10828225,89.5508041381836,0,207781888,1078181888,1078128640,86290358,1,0,0,0
1529581960,0,0,2540284633022,10,79680208896,286720,870301696,0,0,0,10830164,137.03610229492188,0,207802368,1078222848,1078169600,86310402,1,0,0,0
1529581980,0,0,2540621241214,10,79680208896,286720,870375424,0,0,0,10834009,122.49192810058594,0,207847424,1078312960,1078259712,86330367,1,0,0,0
1529582000,0,0,2540790472271,11,79680208896,286720,870408192,0,0,0,10836559,168.79061889648438,0,207876096,1078284288,1078231040,86350362,1,0,0,0
1529582020,0,0,2540972099070,10,79680208896,286720,870453248,0,0,0,10837883,73.4878921508789,0,207941632,1078423552,1078370304,86370385,1,0,0,0
1529582040,0,0,2541258144749,10,79680208896,286720,870510592,0,0,0,10841724,145.68121337890625,0,207978496,1078489088,1078435840,86390345,1,0,0,0
1529582060,0,0,2541423910027,11,79680208896,286720,870547456,0,0,0,10843368,111.87464141845705,0,208003072,1078677504,1078624256,86410455,1,0,0,0
1529582080,0,0,2542154267393,40,79680208896,286720,870768640,0,0,0,10845365,110.42013549804688,0,208273408,1079083008,1079029760,86430473,1,0,0,0
1529582100,0,0,2544416524533,115,79680208896,286720,871485440,0,0,0,10848086,138.99627685546878,0,208945152,1080516608,1080463360,86450419,1,0,0,0
1529582120,0,0,2545111926783,26,79680208896,286720,871673856,0,0,0,10851676,134.32760620117188,0,209100800,1080856576,1080803328,86470310,1,0,0,0
1529582140,0,0,2545350872333,17,79680208896,286720,871739392,0,0,0,10852973,93.31253814697266,0,209174528,1081028608,1080975360,86490307,1,0,0,0
1529582160,0,0,2547620315119,116,79680208896,286720,872448000,0,0,0,10855719,140.98187255859375,0,209920000,1082433536,1082380288,86510325,1,0,0,0
1529582180,0,0,2548789494342,39,79680208896,286720,872783872,0,0,0,10859619,133.41255187988278,0,210182144,1083019264,1082966016,86530375,1,0,0,0
1529582200,0,0,2548976930993,11,79680208896,286720,872820736,0,0,0,10862157,149.16207885742188,0,210202624,1083150336,1083097088,86550365,1,0,0,0
1529582220,0,0,2549172995784,11,79680208896,286720,872861696,0,0,0,10863887,100.0673599243164,0,210239488,1083101184,1083047936,86570346,0,1,0,0
1529582240,0,0,2549411448878,10,79680208896,286720,872914944,0,0,0,10865905,86.56867218017578,0,210259968,1083174912,1083121664,86590414,0,1,0,0
1529582260,0,0,2549552885237,10,79680208896,286720,872951808,0,0,0,10867211,92.44775390625,0,210280448,1083314176,1083260928,86610284,0,1,0,0
1529582280,0,0,2549742198068,10,79680208896,286720,872988672,0,0,0,10868930,96.8427505493164,0,210313216,1083301888,1083248640,86630305,0,1,0,0
1529582300,0,0,2549985840417,10,79680208896,286720,873041920,0,0,0,10871583,115.24105834960938,0,210345984,1083387904,1083334656,86650314,0,1,0,0
