timestamp,cpu/limit,cpu/request,cpu/usage,cpu/usage_rate,filesystem/limit,filesystem/usage,memory/cache,memory/limit,memory/major_page_faults,memory/major_page_faults_rate,memory/page_faults,memory/page_faults_rate,memory/request,memory/rss,memory/usage,memory/working_set,uptime
1529506920,0,0,559320898019,93,79680208896,282624,203952128,0,0,0,1510999,74.0540542602539,0,55570432,259645440,259588096,11270295
1529506940,0,0,562028814398,94,79680208896,282624,205025280,0,0,0,1514589,125.32769775390625,0,55660544,260808704,260751360,11290281
1529506960,0,0,563414741507,95,79680208896,282624,205570048,0,0,0,1515901,90.7115478515625,0,55726080,261296128,261238784,11310283
1529506980,0,0,564970073215,99,79680208896,282624,206151680,0,0,0,1518209,147.79017639160156,0,55926784,262197248,262139904,11330382
1529507000,0,0,568080260338,97,79680208896,282624,207343616,0,0,0,1521343,98.25624084472656,0,56373248,263778304,263720960,11350368
1529507020,0,0,569832853609,94,79680208896,282624,208039936,0,0,0,1523654,124.27391052246094,0,56541184,264601600,264544256,11370292
1529507040,0,0,571304562068,94,79680208896,282624,208625664,0,0,0,1525988,149.39459228515625,0,56791040,265416704,265359360,11390304
1529507060,0,0,573494061068,97,79680208896,282624,209465344,0,0,0,1528626,117.11746978759766,0,57102336,266571776,266514432,11410287
1529507080,0,0,575332275677,97,79680208896,282624,210169856,0,0,0,1530703,110.62657165527344,0,57335808,267530240,267472896,11430350
1529507100,0,0,577002180097,94,79680208896,282624,210829312,0,0,0,1532705,113.17594146728516,0,57618432,268554240,268496896,11450290
1529507120,0,0,578184106224,94,79680208896,282624,211300352,0,0,0,1534646,155.31430053710938,0,57757696,269074432,269017088,11470285
1529507140,0,0,580029779176,96,79680208896,282624,212013056,0,0,0,1537312,139.25576782226562,0,58175488,270311424,270254080,11490328
1529507160,0,0,582819044937,97,79680208896,282624,213090304,0,0,0,1540635,115.63194274902344,0,58621952,271798272,271740928,11510271
1529507180,0,0,585327148061,95,79680208896,282624,214073344,0,0,0,1543659,114.83220672607422,0,58957824,273092608,273035264,11530401
1529507200,0,0,586406809954,102,79680208896,282624,214470656,0,0,0,1544965,123.90355682373047,0,59088896,273649664,273592320,11550330
1529507220,0,0,588217784345,95,79680208896,282624,215183360,0,0,0,1547297,122.40634155273438,0,59363328,274669568,274612224,11570371
1529507240,0,0,590943405245,94,79680208896,282624,216260608,0,0,0,1550971,127.71984100341797,0,59805696,276176896,276119552,11590303
1529507260,0,0,592104453017,105,79680208896,282624,216670208,0,0,0,1552023,95.7183609008789,0,59965440,276684800,276627456,11610362
1529507280,0,0,594794916563,101,79680208896,282624,217661440,0,0,0,1555719,139.38963317871094,0,60506112,278212608,278155264,11630362
1529507300,0,0,595959913127,95,79680208896,282624,218120192,0,0,0,1556768,85.7345199584961,0,60669952,278908928,278851584,11650334
1529507320,0,0,598792325438,94,79680208896,282624,219238400,0,0,0,1560445,122.82874298095703,0,61079552,280408064,280350720,11670263
1529507340,0,0,600951482321,95,79680208896,282624,220090368,0,0,0,1562824,104.98181915283203,0,61468672,281595904,281538560,11690358
1529507360,0,0,602177202545,96,79680208896,282624,220565504,0,0,0,1564515,132.92288208007812,0,61739008,282398720,282341376,11710311
1529507380,0,0,603750460809,96,79680208896,282624,221171712,0,0,0,1566507,122.52078247070312,0,61972480,283176960,283119616,11730363
1529507400,0,0,606554247207,95,79680208896,282624,222273536,0,0,0,1570180,124.74098205566406,0,62423040,284819456,284762112,11750272
1529507420,0,0,608589688727,97,79680208896,282624,223059968,0,0,0,1572818,125.98283386230469,0,62668800,285794304,285736960,11770334
1529507440,0,0,609632660923,97,79680208896,282624,223453184,0,0,0,1573856,97.52780151367188,0,62849024,286408704,286351360,11790358
1529507460,0,0,612232933545,94,79680208896,282624,224485376,0,0,0,1577796,143.52874755859375,0,63344640,287936512,287879168,11810364
1529507480,0,0,613887043073,96,79680208896,282624,225120256,0,0,0,1580412,152.94601440429688,0,63598592,288804864,288747520,11830278
1529507500,0,0,615338700794,101,79680208896,282624,225652736,0,0,0,1581767,95.04598999023438,0,63782912,289488896,289431552,11850314
1529507520,0,0,618334647469,97,79680208896,282624,226807808,0,0,0,1585126,108.85028076171875,0,64176128,291045376,290988032,11870330
1529507540,0,0,619516335750,94,79680208896,282624,227278848,0,0,0,1586805,134.00790405273438,0,64368640,291774464,291717120,11890358
1529507560,0,0,620768468659,96,79680208896,282624,227766272,0,0,0,1588809,153.79965209960938,0,64671744,292450304,292392960,11910367
1529507580,0,0,623316349031,94,79680208896,282624,228782080,0,0,0,1592107,121.75550079345703,0,65073152,293933056,293875712,11930406
1529507600,0,0,625023563473,97,79680208896,282624,229429248,0,0,0,1593802,97.279541015625,0,65261568,294748160,294690816,11950340
1529507620,0,0,626266105760,96,79680208896,282624,229908480,0,0,0,1595767,153.05126953125,0,65433600,295407616,295350272,11970276
1529507640,0,0,629480421255,97,79680208896,282624,231141376,0,0,0,1600122,132.39845275878906,0,66068480,297222144,297164800,11990386
1529507660,0,0,630970212969,102,79680208896,282624,231690240,0,0,0,1601443,90.46671295166016,0,66199552,297938944,297881600,12010456
1529507680,0,0,633875723015,96,79680208896,282624,232812544,0,0,0,1605114,122.03916931152344,0,66650112,299520000,299462656,12030374
1529507700,0,0,635420842487,93,79680208896,282624,233435136,0,0,0,1607470,142.3388214111328,0,67010560,300556288,300498944,12050403
1529507720,0,0,637387657123,100,79680208896,282624,234168320,0,0,0,1609849,120.95780181884766,0,67403776,301608960,301551616,12070374
1529507740,0,0,639276480543,95,79680208896,282624,234909696,0,0,0,1612463,132.09829711914062,0,67641344,302649344,302592000,12090335
1529507760,0,0,640709263781,96,79680208896,282624,235462656,0,0,0,1613256,53.56098175048828,0,67846144,303316992,303259648,12110299
1529507780,0,0,642027229186,94,79680208896,282624,235986944,0,0,0,1615562,165.59176635742188,0,68005888,304013312,303955968,12130316
1529507800,0,0,645147086940,92,79680208896,282624,237240320,0,0,0,1619249,109.82864379882812,0,68468736,305737728,305680384,12150359
1529507820,0,0,646887387761,94,79680208896,282624,237928448,0,0,0,1621595,127.2906265258789,0,68751360,306786304,306728960,12170364
1529507840,0,0,648361617323,97,79680208896,282624,238493696,0,0,0,1622408,53.85858154296875,0,69021696,307515392,307458048,12190369
1529507860,0,0,650090999413,96,79680208896,282624,239165440,0,0,0,1625028,146.3925018310547,0,69287936,308572160,308514816,12210328
1529507880,0,0,652628889689,95,79680208896,282624,240152576,0,0,0,1628670,137.45217895507812,0,69652480,309895168,309837824,12230341
1529507900,0,0,654491473935,94,79680208896,282624,240893952,0,0,0,1631013,118.54767608642578,0,69914624,310820864,310763520,12250284
1529507920,0,0,656259791102,95,79680208896,282624,241590272,0,0,0,1633617,140.04335021972656,0,70094848,311717888,311660544,12270271
1529507940,0,0,657601097301,92,79680208896,282624,242130944,0,0,0,1634977,94.01643371582031,0,70352896,312516608,312459264,12290323
1529507960,0,0,659830671697,96,79680208896,282624,242995200,0,0,0,1637742,119.35645294189453,0,70823936,313925632,313868288,12310384
1529507980,0,0,661624426563,97,79680208896,282624,243683328,0,0,0,1639733,108.67230987548828,0,71049216,314830848,314773504,12330338
1529508000,0,0,663285544673,93,79680208896,282624,244342784,0,0,0,1642303,145.26121520996094,0,71176192,315600896,315543552,12350317
1529508020,0,0,665116012738,98,79680208896,282624,245039104,0,0,0,1644652,126.85567474365234,0,71454720,316612608,316555264,12370332
1529508040,0,0,668261317999,94,79680208896,282624,246280192,0,0,0,1647560,87.64456939697266,0,72065024,318464000,318406656,12390347
1529508060,0,0,669985458355,95,79680208896,282624,246956032,0,0,0,1649901,129.5135040283203,0,72364032,319324160,319266816,12410414
1529508080,0,0,671633226610,95,79680208896,282624,247603200,0,0,0,1652217,134.33908081054688,0,72523776,320163840,320106496,12430298
1529508100,0,0,673355311741,95,79680208896,282624,248279040,0,0,0,1654214,110.28292083740234,0,72765440,321155072,321097728,12450364
1529508120,0,0,675706321487,95,79680208896,282624,249204736,0,0,0,1657242,122.65081787109375,0,73207808,322510848,322453504,12470349
1529508140,0,0,677368639283,96,79680208896,282624,249847808,0,0,0,1659592,135.97100830078125,0,73474048,323444736,323387392,12490349
1529508160,0,0,678736860101,92,79680208896,282624,250400768,0,0,0,1660940,90.826904296875,0,73674752,324186112,324128768,12510335
1529508180,0,0,680165781965,93,79680208896,282624,250974208,0,0,0,1663518,169.0651092529297,0,73871360,324902912,324845568,12530337
1529508200,0,0,683186825523,95,79680208896,282624,252166144,0,0,0,1666933,107.43508911132812,0,74317824,326602752,326545408,12550281
1529508220,0,0,684442717434,95,79680208896,282624,252653568,0,0,0,1668003,81.35797882080078,0,74522624,327245824,327188480,12570324
1529508240,0,0,686679581429,93,79680208896,282624,253546496,0,0,0,1671344,140.26145935058594,0,74846208,328495104,328437760,12590272
1529508260,0,0,687726194249,93,79680208896,282624,253968384,0,0,0,1672662,117.34105682373047,0,74993664,329052160,328994816,12610260
1529508280,0,0,690702770764,92,79680208896,282624,255164416,0,0,0,1676069,106.39901733398438,0,75456512,330698752,330641408,12630287
1529508300,0,0,692010154606,96,79680208896,282624,255668224,0,0,0,1677419,99.87213134765625,0,75714560,331444224,331386880,12650378
1529508320,0,0,693873197272,95,79680208896,282624,256397312,0,0,0,1679758,120.3244400024414,0,75935744,332419072,332361728,12670357
1529508340,0,0,696656847585,95,79680208896,282624,257490944,0,0,0,1683466,126.67705535888672,0,76419072,334016512,333959168,12690348
1529508360,0,0,698491569930,95,79680208896,282624,258215936,0,0,0,1685831,122.70431518554688,0,76767232,335024128,334966784,12710307
1529508380,0,0,699854606851,94,79680208896,282624,258752512,0,0,0,1687524,117.00765228271484,0,76922880,335675392,335618048,12730305
1529508400,0,0,701021644818,94,79680208896,282624,259215360,0,0,0,1689201,135.78094482421875,0,77099008,336441344,336384000,12750333
1529508420,0,0,703714399151,96,79680208896,282624,260259840,0,0,0,1692553,120.24464416503906,0,77438976,337698816,337641472,12770351
1529508440,0,0,705451138000,93,79680208896,282624,260952064,0,0,0,1694279,93.19564819335938,0,77742080,338817024,338759680,12790345
1529508460,0,0,708118410095,96,79680208896,282624,261988352,0,0,0,1697605,120.01573944091797,0,78184448,340258816,340201472,12810370
1529508480,0,0,709929814127,94,79680208896,282624,262705152,0,0,0,1699952,122.8942642211914,0,78450688,341200896,341143552,12830278
1529508500,0,0,710922985107,93,79680208896,282624,263102464,0,0,0,1700976,96.0264892578125,0,78577664,341778432,341721088,12850292
1529508520,0,0,713534790986,94,79680208896,282624,264138752,0,0,0,1704891,141.47314453125,0,78958592,343220224,343162880,12870356
1529508540,0,0,715398518709,96,79680208896,282624,264859648,0,0,0,1707507,135.3098907470703,0,79224832,344170496,344113152,12890351
1529508560,0,0,716451792986,98,79680208896,282624,265265152,0,0,0,1708814,121.92741394042969,0,79376384,344649728,344592384,12910398
1529508580,0,0,718153946678,97,79680208896,282624,265912320,0,0,0,1711402,148.59503173828125,0,79511552,345493504,345436160,12930346
1529508600,0,0,721204296370,93,79680208896,282624,267132928,0,0,0,1715380,122.20033264160156,0,80072704,347324416,347267072,12950369
1529508620,0,0,722390050740,94,79680208896,282624,267595776,0,0,0,1716738,108.79702758789062,0,80363520,348082176,348024832,12970392
1529508640,0,0,725087034395,95,79680208896,282624,268660736,0,0,0,1720402,129.33004760742188,0,80764928,349437952,349380608,12990365
1529508660,0,0,726233893687,97,79680208896,282624,269094912,0,0,0,1721434,88.0652084350586,0,80855040,350076928,350019584,13010351
1529508680,0,0,729070010157,95,79680208896,282624,270204928,0,0,0,1725139,125.10323333740234,0,81383424,351625216,351567872,13030340
1529508700,0,0,730229131715,75,79680208896,282624,270647296,0,0,0,1727758,169.73487854003906,0,81670144,352391168,352333824,13050371
1529508720,0,0,732853469018,196,79680208896,282624,271642624,0,0,0,1728896,85.14558410644531,0,82169856,353869824,353812480,13070383
1529508740,0,0,737834026660,179,79680208896,282624,273719296,0,0,0,1732972,146.7816162109375,0,83222528,357011456,356954112,13090407
1529508760,0,0,741305385405,176,79680208896,282624,275189760,0,0,0,1735658,136.39076232910156,0,83738624,358993920,358936576,13110408
1529508780,0,0,744201150429,182,79680208896,282624,276377600,0,0,0,1737052,87.65692138671875,0,84131840,360509440,360452096,13130429
1529508800,0,0,746703676857,183,79680208896,282624,277401600,0,0,0,1739679,192.7049560546875,0,84480000,361897984,361840640,13150366
1529508820,0,0,753071179419,187,79680208896,282624,279941120,0,0,0,1743781,120.53007507324219,0,85516288,365580288,365518848,13170385
1529508840,0,0,755507089159,184,79680208896,282624,280924160,0,0,0,1745472,128.22364807128906,0,85745664,366751744,366694400,13190359
1529508860,0,0,760440869280,179,79680208896,282624,282976256,0,0,0,1748926,125.73094940185547,0,86642688,369745920,369688576,13210371
1529508880,0,0,763346196005,183,79680208896,282624,284155904,0,0,0,1751613,169.64767456054688,0,87203840,371449856,371392512,13230321
1529508900,0,0,765859600969,182,79680208896,282624,285179904,0,0,0,1752722,80.71324157714844,0,87597056,372809728,372752384,13250317
1529508920,0,0,770674750327,180,79680208896,282624,287170560,0,0,0,1755873,118.3837890625,0,88211456,375382016,375324672,13270403
1529508940,0,0,773522007330,187,79680208896,282624,288305152,0,0,0,1757305,94.12665557861328,0,88727552,377090048,377032704,13290354
1529508960,0,0,776482219588,194,79680208896,282624,289427456,0,0,0,1759955,174.51864624023438,0,89182208,378654720,378597376,13310417
1529508980,0,0,781748512787,184,79680208896,282624,291569664,0,0,0,1764008,141.61126708984375,0,90062848,381689856,381632512,13330384
1529509000,0,0,783771627565,177,79680208896,282624,292425728,0,0,0,1765097,95.52371215820312,0,90349568,382832640,382775296,13350336
1529509020,0,0,789091219119,186,79680208896,282624,294563840,0,0,0,1768531,120.21481323242188,0,91041792,385708032,385650688,13370410
1529509040,0,0,793445652205,181,79680208896,282624,296349696,0,0,0,1770717,91.12118530273438,0,91725824,388132864,388075520,13390440
1529509060,0,0,795381706113,183,79680208896,282624,297140224,0,0,0,1772081,128.9861602783203,0,92037120,389218304,389160960,13410380
1529509080,0,0,800247880663,180,79680208896,282624,299126784,0,0,0,1775830,138.74940490722656,0,92897280,392110080,392052736,13430436
1529509100,0,0,802249991904,191,79680208896,282624,299905024,0,0,0,1777181,128.98927307128906,0,93208576,393191424,393134080,13450413
1529509120,0,0,805960554856,197,79680208896,282624,301314048,0,0,0,1779305,112.98976135253906,0,93634560,394964992,394907648,13470414
1529509140,0,0,811641676108,193,79680208896,282624,303513600,0,0,0,1783018,126.77007293701172,0,94347264,397922304,397864960,13490430
1529509160,0,0,813558538727,174,79680208896,282624,304316416,0,0,0,1784119,100.49217224121094,0,94711808,399085568,399028224,13510389
1529509180,0,0,819478022860,196,79680208896,282624,306573312,0,0,0,1787643,117.25593566894531,0,95608832,402243584,402186240,13530479
1529509200,0,0,822489190663,186,79680208896,282624,307777536,0,0,0,1789385,108.07748413085938,0,96047104,403906560,403849216,13550408
1529509220,0,0,825955399549,211,79680208896,282624,309002240,0,0,0,1791213,111.28448486328125,0,96657408,405778432,405721088,13570347
1529509240,0,0,829156196476,184,79680208896,282624,310288384,0,0,0,1793888,153.9152374267578,0,97079296,407429120,407371776,13590406
1529509260,0,0,835288186439,180,79680208896,282624,312840192,0,0,0,1797939,119.0746841430664,0,97890304,410857472,410800128,13610358
1529509280,0,0,838569074964,185,79680208896,282624,314163200,0,0,0,1800625,151.91934204101562,0,98414592,412635136,412577792,13630420
1529509300,0,0,841399595653,188,79680208896,282624,315285504,0,0,0,1802656,135.48333740234375,0,98889728,414203904,414146560,13650350
1529509320,0,0,843627386303,176,79680208896,282624,316227584,0,0,0,1804352,134.16026306152344,0,99147776,415490048,415432704,13670382
1529509340,0,0,848768863325,182,79680208896,282624,318328832,0,0,0,1807569,114.46298217773438,0,99975168,418414592,418357248,13690417
1529509360,0,0,851570119629,182,79680208896,282624,319475712,0,0,0,1808977,91.5947265625,0,100339712,419934208,419876864,13710348
1529509380,0,0,856815853493,182,79680208896,282624,321617920,0,0,0,1812703,129.9687957763672,0,101101568,422834176,422776832,13730325
1529509400,0,0,859976762132,188,79680208896,282624,322863104,0,0,0,1814565,110.7509765625,0,101662720,424615936,424558592,13750330
1529509420,0,0,863046787455,184,79680208896,282624,324116480,0,0,0,1815995,85.96600341796875,0,102174720,426377216,426319872,13770397
1529509440,0,0,866477144109,177,79680208896,282624,325562368,0,0,0,1818704,139.89854431152344,0,102748160,428429312,428371968,13790421
1529509460,0,0,869830502189,186,79680208896,282624,326909952,0,0,0,1821391,149.37899780273438,0,103235584,430223360,430166016,13810408
1529509480,0,0,874981250523,172,79680208896,282624,329023488,0,0,0,1825279,130.34817504882812,0,104566784,433680384,433618944,13830382
1529509500,0,0,877082464315,185,79680208896,282624,329871360,0,0,0,1826614,117.5888900756836,0,104820736,434790400,434733056,13850400
1529509520,0,0,880662534280,193,79680208896,282624,331284480,0,0,0,1828540,104.3321304321289,0,105414656,436744192,436686848,13870441
1529509540,0,0,883957337881,184,79680208896,282624,332607488,0,0,0,1831198,148.5852813720703,0,105824256,438431744,438374400,13890333
1529509560,0,0,889889364236,184,79680208896,282624,335024128,0,0,0,1835049,119.74341583251953,0,106184704,441286656,441229312,13910380
1529509580,0,0,892680872372,187,79680208896,282624,336134144,0,0,0,1836764,115.31258392333984,0,106487808,442683392,442626048,13930456
1529509600,0,0,897535914706,180,79680208896,282624,338141184,0,0,0,1839882,116.0658187866211,0,107270144,445493248,445435904,13950423
1529509620,0,0,899504354199,184,79680208896,282624,338935808,0,0,0,1840969,102.0892333984375,0,107593728,446656512,446599168,13970421
1529509640,0,0,904263650506,182,79680208896,282624,340885504,0,0,0,1844681,142.28817749023438,0,108318720,449294336,449232896,13990387
1529509660,0,0,906789779566,188,79680208896,282624,341884928,0,0,0,1846101,105.81114196777344,0,108777472,450707456,450650112,14010410
1529509680,0,0,908856893809,176,79680208896,282624,342757376,0,0,0,1847448,114.9100112915039,0,109010944,451842048,451784704,14030367
1529509700,0,0,915127953872,183,79680208896,282624,345317376,0,0,0,1852216,139.5096893310547,0,109961216,455335936,455278592,14050397
1529509720,0,0,918783629709,184,79680208896,282624,346796032,0,0,0,1854861,133.376953125,0,110743552,457646080,457588736,14070406
1529509740,0,0,922390115060,184,79680208896,282624,348254208,0,0,0,1856984,108.72091674804688,0,111259648,459567104,459509760,14090417
1529509760,0,0,925548307454,190,79680208896,282624,349495296,0,0,0,1858731,105.51749420166016,0,111669248,461287424,461230080,14110370
1529509780,0,0,929933684845,157,79680208896,282624,351260672,0,0,0,1861914,114.46793365478516,0,112660480,464011264,463953920,14130337
1529509800,0,0,933221328653,194,79680208896,282624,352600064,0,0,0,1864566,156.65628051757812,0,113098752,465813504,465756160,14150389
1529509820,0,0,936526506064,184,79680208896,282624,353939456,0,0,0,1866954,133.19471740722656,0,113524736,467566592,467509248,14170318
1529509840,0,0,940933486989,183,79680208896,282624,355733504,0,0,0,1869407,101.92771911621094,0,114184192,469991424,469934080,14190407
1529509860,0,0,943095261814,202,79680208896,282624,356532224,0,0,0,1870744,125.37557220458984,0,114405376,471011328,470953984,14210379
1529509880,0,0,945735609727,180,79680208896,282624,357625856,0,0,0,1873217,169.44338989257812,0,114634752,472342528,472281088,14230373
1529509900,0,0,951670852524,186,79680208896,282624,359989248,0,0,0,1877345,130.02117919921875,0,115687424,475783168,475725824,14250395
1529509920,0,0,955262068303,179,79680208896,282624,361488384,0,0,0,1880018,133.66842651367188,0,116170752,477708288,477650944,14270345
1529509940,0,0,957204402200,180,79680208896,282624,362274816,0,0,0,1881083,99.02088928222656,0,116404224,478699520,478642176,14290429
1529509960,0,0,961743009457,175,79680208896,282624,364199936,0,0,0,1884507,132.4912567138672,0,117252096,481513472,481456128,14310429
1529509980,0,0,963606651499,174,79680208896,282624,364998656,0,0,0,1885577,99.95792388916016,0,117514240,482594816,482537472,14330410
1529510000,0,0,970381497013,180,79680208896,282624,367796224,0,0,0,1889757,111.5439224243164,0,118464512,486305792,486248448,14350390
1529510020,0,0,973087489579,175,79680208896,282624,368947200,0,0,0,1891848,135.99485778808594,0,118734848,487804928,487747584,14370399
1529510040,0,0,975409276892,184,79680208896,282624,369881088,0,0,0,1892959,88.45748901367188,0,119123968,489037824,488980480,14390325
1529510060,0,0,980825617286,187,79680208896,282624,372035584,0,0,0,1896257,114.34992980957031,0,120008704,492064768,492007424,14410412
1529510080,0,0,983038353435,189,79680208896,282624,372912128,0,0,0,1897612,115.94723510742188,0,120315904,493314048,493256704,14430430
1529510100,0,0,988210235349,176,79680208896,282624,375103488,0,0,0,1901622,136.75253295898438,0,121004032,496132096,496070656,14450404
1529510120,0,0,990145991211,180,79680208896,282624,375902208,0,0,0,1902751,105.17723083496094,0,121475072,497496064,497438720,14470334
1529510140,0,0,995113463587,196,79680208896,282624,377790464,0,0,0,1906442,146.23475646972656,0,122048512,499896320,499834880,14490329
1529510160,0,0,998560349335,195,79680208896,282624,379101184,0,0,0,1907641,68.15508270263672,0,122753024,501911552,501854208,14510425
1529510180,0,0,1003134547132,175,79680208896,282624,380997632,0,0,0,1910799,121.3238296508789,0,123408384,504500224,504442880,14530423
1529510200,0,0,1005747437881,184,79680208896,282624,382107648,0,0,0,1912286,104.7337417602539,0,123904000,506130432,506073088,14550360
1529510220,0,0,1008343717899,177,79680208896,282624,383193088,0,0,0,1914311,138.62904357910156,0,124289024,507506688,507449344,14570414
1529510240,0,0,1012874147371,178,79680208896,282624,385097728,0,0,0,1917668,132.17945861816406,0,124882944,510099456,510042112,14590416
1529510260,0,0,1015186543462,191,79680208896,282624,385998848,0,0,0,1919380,141.408935546875,0,125214720,511287296,511229952,14610302
1529510280,0,0,1020722421811,184,79680208896,282624,388247552,0,0,0,1923131,124.74999237060547,0,125947904,514252800,514195456,14630409
1529510300,0,0,1023371356924,182,79680208896,282624,389328896,0,0,0,1924566,98.86507415771484,0,126513152,515923968,515866624,14650341
1529510320,0,0,1029036676913,181,79680208896,282624,391659520,0,0,0,1927795,103.53620147705078,0,127279104,519032832,518975488,14670383
1529510340,0,0,1031786141559,178,79680208896,282624,392814592,0,0,0,1930448,172.0217742919922,0,127721472,520564736,520507392,14690353
1529510360,0,0,1033600473284,180,79680208896,282624,393564160,0,0,0,1931510,105.83190155029297,0,127942656,521633792,521576448,14710401
1529510380,0,0,1038807230104,180,79680208896,282624,395718656,0,0,0,1935511,138.69801330566406,0,128659456,524435456,524378112,14730325
1529510400,0,0,1041388095510,192,79680208896,282624,396718080,0,0,0,1936660,85.62940979003906,0,129175552,525942784,525885440,14750343
1529510420,0,0,1046363571154,182,79680208896,282624,398753792,0,0,0,1940110,126.58269500732422,0,129888256,528642048,528584704,14770433
1529510440,0,0,1050273052921,176,79680208896,282624,400400384,0,0,0,1942848,123.81878662109375,0,130568192,531070976,531013632,14790448
1529510460,0,0,1054067001010,189,79680208896,282624,401891328,0,0,0,1944719,93.6209716796875,0,131096576,533098496,533041152,14810278
1529510480,0,0,1056785269236,174,79680208896,282624,403058688,0,0,0,1946747,130.30551147460938,0,131567616,534732800,534675456,14830315
1529510500,0,0,1060489999192,199,79680208896,282624,404447232,0,0,0,1948853,113.16866302490234,0,132235264,536694784,536637440,14850303
1529510520,0,0,1064288341102,151,79680208896,282624,405872640,0,0,0,1952337,138.5700225830078,0,133046272,538918912,538861568,14870278
1529510540,0,0,1067294577556,197,79680208896,282624,407056384,0,0,0,1953841,98.68345642089844,0,133812224,540893184,540835840,14890297
1529510560,0,0,1072184943375,189,79680208896,282624,409042944,0,0,0,1957821,153.8410186767578,0,134815744,543977472,543916032,14910343
1529510580,0,0,1074988581054,193,79680208896,282624,410144768,0,0,0,1959257,99.23196411132812,0,135340032,545484800,545427456,14930281
1529510600,0,0,1079454968460,204,79680208896,282624,411770880,0,0,0,1963264,183.77084350585938,0,136192000,548065280,548007936,14950402
1529510620,0,0,1083074072477,185,79680208896,282624,413200384,0,0,0,1965115,94.83067321777344,0,136871936,550178816,550121472,14970359
1529510640,0,0,1085409353548,211,79680208896,282624,414048256,0,0,0,1967116,181.1584014892578,0,137289728,551452672,551395328,14990353
1529510660,0,0,1088965735231,202,79680208896,282624,415375360,0,0,0,1968188,60.95757293701172,0,138543104,553926656,553869312,15010359
1529510680,0,0,1094847746319,196,79680208896,282624,417562624,0,0,0,1971990,127.19184112548828,0,139554816,557232128,557174784,15030259
1529510700,0,0,1099825817925,175,79680208896,282624,419491840,0,0,0,1975999,141.45005798339844,0,140238848,559857664,559800320,15050320
1529510720,0,0,1103097322784,238,79680208896,282624,420667392,0,0,0,1978444,178.46543884277344,0,141004800,561786880,561729536,15070286
1529510740,0,0,1106310653661,172,79680208896,282624,421945344,0,0,0,1980175,93.0842056274414,0,141307904,563347456,563290112,15090270
1529510760,0,0,1109821941561,211,79680208896,282624,423235584,0,0,0,1982006,110.40166473388672,0,142032896,565350400,565293056,15110325
1529510780,0,0,1115669432384,196,79680208896,282624,425435136,0,0,0,1985775,126.41191101074219,0,142778368,568229888,568172544,15130388
1529510800,0,0,1119090856029,161,79680208896,282624,426704896,0,0,0,1988195,114.23734283447266,0,143298560,570130432,570073088,15150302
1529510820,0,0,1121365162721,192,79680208896,282624,427593728,0,0,0,1989035,71.08025360107422,0,143613952,571297792,571240448,15170285
1529510840,0,0,1124228931631,214,79680208896,282624,428617728,0,0,0,1991563,189.6753387451172,0,144723968,573411328,573353984,15190355
1529510860,0,0,1127809989865,181,79680208896,282624,429912064,0,0,0,1993966,121.87923431396484,0,145129472,575148032,575090688,15210328
1529510880,0,0,1131585843866,194,79680208896,282624,431296512,0,0,0,1996662,138.63018798828125,0,145764352,577150976,577093632,15230266
1529510900,0,0,1136533401442,179,79680208896,282624,433213440,0,0,0,1999102,88.71627807617188,0,146210816,579469312,579411968,15250298
1529510920,0,0,1139860844382,201,79680208896,282624,434499584,0,0,0,2001469,143.19686889648438,0,146612224,581210112,581152768,15270297
1529510940,0,0,1142809535409,95,79680208896,282624,435449856,0,0,0,2005069,116.51878356933594,0,146788352,582348800,582291456,15290386
1529510960,0,0,1143755871453,86,79680208896,282624,435748864,0,0,0,2006383,120.27243041992188,0,146853888,582725632,582668288,15310384
1529510980,0,0,1146223231765,87,79680208896,282624,436527104,0,0,0,2009963,127.65776062011719,0,147017728,583651328,583593984,15330312
1529511000,0,0,1147217264293,88,79680208896,282624,436834304,0,0,0,2011255,115.16840362548828,0,147030016,583958528,583901184,15350283
1529511020,0,0,1149894339620,95,79680208896,282624,437608448,0,0,0,2014811,127.4256591796875,0,147054592,584736768,584679424,15370382
1529511040,0,0,1151377936884,84,79680208896,282624,438095872,0,0,0,2017384,146.1477813720703,0,147083264,585302016,585244672,15390365
1529511060,0,0,1152917627598,86,79680208896,282624,438587392,0,0,0,2019035,92.47067260742188,0,147095552,585793536,585736192,15410307
1529511080,0,0,1155371124227,88,79680208896,282624,439357440,0,0,0,2021976,106.11490631103516,0,147132416,586534912,586477568,15430297
1529511100,0,0,1156921875606,93,79680208896,282624,439816192,0,0,0,2024549,154.67648315429688,0,147214336,587051008,586993664,15450291
1529511120,0,0,1158572629179,92,79680208896,282624,440311808,0,0,0,2026850,128.58193969726562,0,147263488,587681792,587624448,15470363
1529511140,0,0,1160130555481,86,79680208896,282624,440807424,0,0,0,2028533,93.62649536132812,0,147398656,588324864,588267520,15490373
1529511160,0,0,1161133395828,87,79680208896,282624,441122816,0,0,0,2030457,168.52499389648438,0,147460096,588640256,588582912,15510320
1529511180,0,0,1164285339173,87,79680208896,282624,442118144,0,0,0,2033293,78.74932861328125,0,147812352,589975552,589918208,15530369
1529511200,0,0,1165958829363,92,79680208896,282624,442621952,0,0,0,2035883,142.3947296142578,0,147935232,590680064,590622720,15550318
1529511220,0,0,1167792957465,123,79680208896,282624,443142144,0,0,0,2037693,122.34037780761719,0,148426752,591605760,591548416,15570335
1529511240,0,0,1169285225322,83,79680208896,282624,443637760,0,0,0,2038961,71.14736938476562,0,148496384,592207872,592150528,15590271
1529511260,0,0,1170802650163,84,79680208896,282624,444129280,0,0,0,2041538,144.15866088867188,0,148635648,592793600,592736256,15610301
1529511280,0,0,1172842851621,84,79680208896,282624,444796928,0,0,0,2044801,135.23509216308594,0,148926464,593772544,593715200,15630326
1529511300,0,0,1174094137782,84,79680208896,282624,445206528,0,0,0,2046459,111.96047973632812,0,148987904,594235392,594178048,15650343
1529511320,0,0,1176571473653,85,79680208896,282624,446009344,0,0,0,2050334,133.89199829101562,0,149143552,595193856,595136512,15670286
1529511340,0,0,1177799178244,89,79680208896,282624,446386176,0,0,0,2051644,94.96870422363281,0,149233664,595738624,595681280,15690370
1529511360,0,0,1178875667829,82,79680208896,282624,446750720,0,0,0,2053633,153.1990509033203,0,149336064,596205568,596148224,15710274
1529511380,0,0,1181375332668,83,79680208896,282624,447574016,0,0,0,2056715,103.04358673095703,0,149606400,597307392,597250048,15730285
1529511400,0,0,1183005869859,84,79680208896,282624,448110592,0,0,0,2058420,88.26173400878906,0,149762048,597929984,597872640,15750310
1529511420,0,0,1184503001017,83,79680208896,282624,448602112,0,0,0,2060106,94.46420288085938,0,149913600,598573056,598515712,15770341
1529511440,0,0,1185425943990,84,79680208896,282624,448905216,0,0,0,2061405,119.58293914794922,0,150016000,599031808,598974464,15790313
1529511460,0,0,1188372572759,82,79680208896,282624,449884160,0,0,0,2066553,144.37525939941406,0,150274048,600190976,600133632,15810261
1529511480,0,0,1189529634354,84,79680208896,282624,450265088,0,0,0,2067862,95.96368408203125,0,150335488,600670208,600612864,15830334
1529511500,0,0,1190738569774,87,79680208896,282624,450650112,0,0,0,2070131,163.5408935546875,0,150409216,601186304,601128960,15850285
1529511520,0,0,1193515217058,85,79680208896,282624,451543040,0,0,0,2074050,121.27776336669922,0,150687744,602312704,602255360,15870334
1529511540,0,0,1194395912888,80,79680208896,282624,451842048,0,0,0,2075379,122.17369079589844,0,150855680,602808320,602750976,15890262
1529511560,0,0,1196974377047,86,79680208896,282624,452669440,0,0,0,2079022,122.17945861816406,0,151199744,603951104,603893760,15910372
1529511580,0,0,1198225222821,84,79680208896,282624,453079040,0,0,0,2080693,112.36975860595703,0,151347200,604528640,604471296,15930337
1529511600,0,0,1199393424486,87,79680208896,282624,453447680,0,0,0,2082632,145.57986450195312,0,151457792,604921856,604864512,15950269
1529511620,0,0,1201902485241,84,79680208896,282624,454266880,0,0,0,2086530,131.8504638671875,0,151728128,606109696,606048256,15970293
1529511640,0,0,1203105976590,83,79680208896,282624,454660096,0,0,0,2087584,73.47118377685547,0,151842816,606523392,606466048,15990360
1529511660,0,0,1204488575506,84,79680208896,282624,455110656,0,0,0,2089890,141.23060607910156,0,151998464,607174656,607117312,16010387
1529511680,0,0,1207195016307,84,79680208896,282624,455995392,0,0,0,2092728,88.7549819946289,0,152342528,608411648,608354304,16030306
1529511700,0,0,1208806914701,84,79680208896,282624,456527872,0,0,0,2095333,136.34205627441406,0,152543232,609198080,609140736,16050358
1529511720,0,0,1209844069060,86,79680208896,282624,456855552,0,0,0,2096655,110.15391540527344,0,152674304,609533952,609476608,16070292
1529511740,0,0,1211995089741,84,79680208896,282624,457564160,0,0,0,2100549,152.91641235351562,0,152948736,610574336,610516992,16090310
1529511760,0,0,1213272293551,83,79680208896,282624,457986048,0,0,0,2101609,69.29643249511719,0,153108480,611209216,611151872,16110315
1529511780,0,0,1215530694443,85,79680208896,282624,458719232,0,0,0,2105500,146.5918731689453,0,153374720,612208640,612151296,16130324
1529511800,0,0,1216485851229,81,79680208896,282624,459042816,0,0,0,2106551,89.77330017089844,0,153546752,612700160,612642816,16150282
1529511820,0,0,1219111066896,85,79680208896,282624,459890688,0,0,0,2109632,100.27617645263672,0,153812992,613703680,613646336,16170323
1529511840,0,0,1220656909948,84,79680208896,282624,460398592,0,0,0,2111941,125.48660278320312,0,154013696,614420480,614363136,16190333
1529511860,0,0,1221995517448,85,79680208896,282624,460836864,0,0,0,2113627,107.3857650756836,0,154198016,615161856,615104512,16210274
1529511880,0,0,1223576115616,84,79680208896,282624,461352960,0,0,0,2115953,124.30995178222656,0,154365952,615718912,615657472,16230307
1529511900,0,0,1224671655473,92,79680208896,282624,461680640,0,0,0,2117908,164.25811767578125,0,154587136,616386560,616329216,16250349
1529511920,0,0,1227589292554,84,79680208896,282624,462639104,0,0,0,2121290,97.42455291748047,0,154861568,617562112,617504768,16270273
1529511940,0,0,1228912148664,85,79680208896,282624,463069184,0,0,0,2123595,149.20376586914062,0,155013120,618192896,618135552,16290385
1529511960,0,0,1230447523629,84,79680208896,282624,463564800,0,0,0,2125011,78.3841781616211,0,155168768,618860544,618803200,16310315
1529511980,0,0,1231742475366,83,79680208896,282624,463998976,0,0,0,2126964,125.80225372314453,0,155303936,619425792,619368448,16330298
1529512000,0,0,1234319587993,86,79680208896,282624,464822272,0,0,0,2130898,131.7344207763672,0,155639808,620589056,620531712,16350312
1529512020,0,0,1235538748404,85,79680208896,282624,465219584,0,0,0,2131947,73.23358154296875,0,155762688,620990464,620933120,16370292
1529512040,0,0,1237199273503,83,79680208896,282624,465764352,0,0,0,2134001,103.57635498046875,0,155955200,621793280,621735936,16390280
1529512060,0,0,1239539548858,83,79680208896,282624,466546688,0,0,0,2137064,108.8067398071289,0,156192768,622845952,622788608,16410322
1529512080,0,0,1241115396975,81,79680208896,282624,467079168,0,0,0,2139122,106.11763000488281,0,156389376,623587328,623529984,16430397
1529512100,0,0,1242288854816,82,79680208896,282624,467472384,0,0,0,2141070,137.48045349121094,0,156532736,624005120,623947776,16450375
1529512120,0,0,1243472031059,86,79680208896,282624,467849216,0,0,0,2142740,122.65120697021484,0,156684288,624623616,624566272,16470408
1529512140,0,0,1245083128861,83,79680208896,282624,468385792,0,0,0,2145367,136.10496520996094,0,156942336,625426432,625369088,16490321
1529512160,0,0,1247598604237,83,79680208896,282624,469213184,0,0,0,2148689,110.6312026977539,0,157143040,626475008,626417664,16510314
1529512180,0,0,1248623766263,85,79680208896,282624,469544960,0,0,0,2150000,109.95809173583984,0,157241344,626814976,626757632,16530322
1529512200,0,0,1250239242298,82,79680208896,282624,470081536,0,0,0,2152057,105.14566802978516,0,157446144,627638272,627580928,16550374
1529512220,0,0,1252261732173,84,79680208896,282624,470749184,0,0,0,2154401,97.74724578857422,0,157667328,628490240,628432896,16570390
1529512240,0,0,1253908768151,85,79680208896,282624,471277568,0,0,0,2157015,136.0867462158203,0,157835264,629215232,629157888,16590322
1529512260,0,0,1255857687403,83,79680208896,282624,471924736,0,0,0,2160602,153.2056121826172,0,158052352,630026240,629968896,16610440
1529512280,0,0,1257339962521,84,79680208896,282624,472408064,0,0,0,2161385,44.84943771362305,0,158208000,630685696,630628352,16630358
1529512300,0,0,1258884297979,85,79680208896,282624,472907776,0,0,0,2163459,114.65705871582031,0,158519296,631521280,631463936,16650365
1529512320,0,0,1261782678606,98,79680208896,282624,473878528,0,0,0,2167213,127.06693267822266,0,159371264,633298944,633241600,16670357
1529512340,0,0,1264598599851,208,79680208896,282624,474988544,0,0,0,2168797,117.24457550048828,0,160260096,635355136,635297792,16690364
1529512360,0,0,1268394754813,201,79680208896,282624,476426240,0,0,0,2170933,113.16361999511719,0,162222080,638648320,638590976,16710439
1529512380,0,0,1273830530220,216,79680208896,282624,478474240,0,0,0,2174410,138.27999877929688,0,163119104,641617920,641560576,16730441
1529512400,0,0,1276854390053,190,79680208896,282624,479637504,0,0,0,2176507,132.0068359375,0,163799040,643489792,643432448,16750400
1529512420,0,0,1279656643235,210,79680208896,282624,480710656,0,0,0,2178322,136.05081176757812,0,164528128,645349376,645292032,16770409
1529512440,0,0,1285471724164,223,79680208896,282624,482938880,0,0,0,2181817,134.30902099609375,0,165720064,648658944,648601600,16790411
1529512460,0,0,1289528739220,214,79680208896,282624,484380672,0,0,0,2183908,110.47892761230469,0,166326272,650723328,650665984,16810422
1529512480,0,0,1293499612209,222,79680208896,282624,485838848,0,0,0,2186123,123.9115219116211,0,166948864,652886016,652828672,16830411
1529512500,0,0,1299738844374,216,79680208896,282624,488181760,0,0,0,2190232,142.56396484375,0,168062976,656281600,656224256,16850403
1529512520,0,0,1302603804171,204,79680208896,282624,489156608,0,0,0,2191634,100.30801391601562,0,168476672,657657856,657600512,16870386
1529512540,0,0,1306236954952,185,79680208896,282624,490557440,0,0,0,2194384,140.33424377441406,0,169218048,659824640,659767296,16890432
1529512560,0,0,1310886082535,184,79680208896,282624,492269568,0,0,0,2198342,156.88662719726562,0,169734144,662110208,662052864,16910358
1529512580,0,0,1313513966198,189,79680208896,282624,493162496,0,0,0,2204572,448.6415710449219,0,170237952,663498752,663441408,16930409
1529512600,0,0,1318541126139,186,79680208896,282624,494911488,0,0,0,2208891,160.27273559570312,0,171016192,666017792,665960448,16950432
1529512620,0,0,1322146981069,187,79680208896,282624,496263168,0,0,0,2211623,141.81517028808594,0,171626496,667987968,667930624,16970405
1529512640,0,0,1325266628477,165,79680208896,282624,497336320,0,0,0,2214006,126.0544662475586,0,171978752,669315072,669257728,16990377
1529512660,0,0,1326897587308,125,79680208896,282624,497840128,0,0,0,2215317,100.67591857910156,0,171986944,669949952,669892608,17010336
1529512680,0,0,1330621663460,118,79680208896,282624,499044352,0,0,0,2218942,115.32351684570312,0,172199936,671326208,671268864,17030410
1529512700,0,0,1332318296951,119,79680208896,282624,499564544,0,0,0,2221278,164.29306030273438,0,172269568,671948800,671891456,17050396
1529512720,0,0,1333884999396,117,79680208896,282624,500088832,0,0,0,2227823,488.97943115234375,0,51441664,551600128,551546880,17070364
1529512740,0,0,1337199396891,117,79680208896,282624,501121024,0,0,0,2231334,124.1738510131836,0,52453376,553689088,553635840,17090421
1529512760,0,0,1338287546252,105,79680208896,282624,501473280,0,0,0,2232939,154.91940307617188,0,53776384,555356160,555302912,17110345
1529512780,0,0,1341769861795,109,79680208896,286720,502554624,0,0,0,2236328,106.27326202392578,0,54177792,556773376,556720128,17130431
1529512800,0,0,1343604562262,112,79680208896,286720,503152640,0,0,0,2238676,144.3731689453125,0,54476800,557703168,557649920,17150406
1529512820,0,0,1345888527355,118,79680208896,286720,503861248,0,0,0,2241260,134.32054138183594,0,54652928,558641152,558587904,17170323
1529512840,0,0,1349022525540,117,79680208896,286720,504844288,0,0,0,2243922,99.87713623046875,0,54980608,559837184,559783936,17190348
1529512860,0,0,1350609909854,116,79680208896,286720,505348096,0,0,0,2246252,170.47027587890625,0,55259136,560734208,560680960,17210375
1529512880,0,0,1352815326394,114,79680208896,286720,506056704,0,0,0,2248259,104.00826263427734,0,55533568,561631232,561577984,17230368
1529512900,0,0,1354960076055,117,79680208896,286720,506724352,0,0,0,2250281,111.04798126220703,0,55865344,562679808,562626560,17250396
1529512920,0,0,1357933676705,116,79680208896,286720,507666432,0,0,0,2253912,142.62098693847656,0,56320000,564051968,563998720,17270365
1529512940,0,0,1360441875006,141,79680208896,286720,508432384,0,0,0,2256796,162.592041015625,0,57614336,566132736,566079488,17290375
1529512960,0,0,1362471353996,117,79680208896,286720,509067264,0,0,0,2258239,83.8711166381836,0,57884672,567078912,567025664,17310391
1529512980,0,0,1364651551228,109,79680208896,286720,509800448,0,0,0,2260243,100.9287109375,0,58187776,568078336,568025088,17330322
1529513000,0,0,1367542590043,111,79680208896,286720,510746624,0,0,0,2263863,140.01478576660156,0,58482688,569307136,569253888,17350348
1529513020,0,0,1369400020214,112,79680208896,286720,511356928,0,0,0,2266432,155.56532287597656,0,58634240,570118144,570064896,17370418
1529513040,0,0,1371666249028,112,79680208896,286720,512098304,0,0,0,2268530,104.08600616455078,0,59002880,571183104,571129856,17390413
1529513060,0,0,1373286483293,111,79680208896,286720,512634880,0,0,0,2269884,93.18051147460938,0,59244544,571879424,571826176,17410381
1529513080,0,0,1376320332707,113,79680208896,286720,513613824,0,0,0,2273524,136.658447265625,0,59613184,573251584,573198336,17430431
1529513100,0,0,1378234745289,116,79680208896,286720,514224128,0,0,0,2275536,122.16697692871094,0,59936768,574160896,574107648,17450402
1529513120,0,0,1380372981942,110,79680208896,286720,514932736,0,0,0,2277546,104.09822845458984,0,60276736,575315968,575262720,17470363
1529513140,0,0,1381948472581,107,79680208896,286720,515473408,0,0,0,2280145,177.81576538085938,0,60522496,576000000,575946752,17490394
1529513160,0,0,1385295140484,110,79680208896,286720,516583424,0,0,0,2284099,130.6519012451172,0,61014016,577716224,577662976,17510404
1529513180,0,0,1387146138172,94,79680208896,286720,517156864,0,0,0,2286892,143.01239013671875,0,62001152,579276800,579223552,17530347
1529513200,0,0,1389906430041,139,79680208896,286720,518033408,0,0,0,2289503,131.81204223632812,0,62226432,580300800,580247552,17550344
1529513220,0,0,1391366820653,111,79680208896,286720,518516736,0,0,0,2290845,102.8818588256836,0,62390272,581013504,580960256,17570381
1529513240,0,0,1394329202596,110,79680208896,286720,519503872,0,0,0,2294735,144.93728637695312,0,62726144,582303744,582250496,17590363
1529513260,0,0,1396358858663,114,79680208896,286720,520159232,0,0,0,2296416,94.81231689453125,0,62836736,583077888,583024640,17610364
1529513280,0,0,1398480958204,112,79680208896,286720,520851456,0,0,0,2298736,122.92445373535156,0,62984192,583962624,583909376,17630338
1529513300,0,0,1401402760926,111,79680208896,286720,521818112,0,0,0,2301758,115.06747436523438,0,63365120,585306112,585252864,17650330
1529513320,0,0,1402698729836,110,79680208896,286720,522252288,0,0,0,2303097,113.818359375,0,63586304,585924608,585871360,17670389
1529513340,0,0,1405829010334,112,79680208896,286720,523280384,0,0,0,2307026,140.74732971191406,0,63971328,587276288,587223040,17690423
1529513360,0,0,1407252247494,117,79680208896,286720,523722752,0,0,0,2308354,109.9439926147461,0,64143360,587923456,587870208,17710431
1529513380,0,0,1409296862620,114,79680208896,286720,524382208,0,0,0,2310719,132.51181030273438,0,64483328,588890112,588836864,17730391
1529513400,0,0,1412589667493,112,79680208896,286720,525455360,0,0,0,2314375,125.38855743408203,0,64897024,590397440,590344192,17750345
1529513420,0,0,1414161995737,107,79680208896,286720,525996032,0,0,0,2315717,91.91395568847656,0,65101824,591167488,591114240,17770368
1529513440,0,0,1415996594045,115,79680208896,286720,526573568,0,0,0,2318064,148.33128356933594,0,65396736,592023552,591970304,17790382
1529513460,0,0,1419529769812,111,79680208896,286720,527745024,0,0,0,2321719,115.3625259399414,0,65740800,593612800,593559552,17810319
1529513480,0,0,1421119485417,112,79680208896,286720,528261120,0,0,0,2323672,138.42308044433594,0,65904640,594202624,594149376,17830455
1529513500,0,0,1424184808253,112,79680208896,286720,529264640,0,0,0,2326988,121.87158203125,0,66310144,595685376,595632128,17850364
1529513520,0,0,1425608928866,120,79680208896,286720,529698816,0,0,0,2328401,119.51263427734375,0,66498560,596197376,596144128,17870344
1529513540,0,0,1426888752351,116,79680208896,286720,530108416,0,0,0,2329710,119.2098617553711,0,66621440,596856832,596803584,17890377
1529513560,0,0,1430419309964,114,79680208896,286720,531243008,0,0,0,2334270,147.32733154296875,0,66940928,598249472,598196224,17910348
1529513580,0,0,1433283380550,109,79680208896,286720,532209664,0,0,0,2336398,81.33007049560547,0,67387392,599670784,599617536,17930387
1529513600,0,0,1435274514186,111,79680208896,286720,532869120,0,0,0,2338733,130.39273071289062,0,67608576,600604672,600547328,17950383
1529513620,0,0,1436630019880,111,79680208896,286720,533319680,0,0,0,2340057,108.43522644042969,0,67747840,601067520,601014272,17970474
1529513640,0,0,1439840294230,113,79680208896,286720,534360064,0,0,0,2343451,120.12914276123047,0,68182016,602652672,602599424,17990328
1529513660,0,0,1441980994208,114,79680208896,286720,535044096,0,0,0,2345817,126.65151977539062,0,68489216,603553792,603500544,18010394
1529513680,0,0,1444087921472,112,79680208896,286720,535736320,0,0,0,2348450,141.03472900390625,0,68833280,604585984,604532736,18030327
1529513700,0,0,1446192170967,112,79680208896,286720,536420352,0,0,0,2351091,141.45144653320312,0,69152768,605605888,605552640,18050385
1529513720,0,0,1448588371147,113,79680208896,286720,537202688,0,0,0,2353435,110.54953002929688,0,69373952,606580736,606527488,18070321
1529513740,0,0,1451099661636,119,79680208896,286720,537976832,0,0,0,2355801,112.23497009277344,0,69681152,607723520,607670272,18090359
1529513760,0,0,1453015081122,116,79680208896,286720,538583040,0,0,0,2357762,119.48961639404297,0,69873664,608456704,608403456,18110336
1529513780,0,0,1455710671948,116,79680208896,286720,539439104,0,0,0,2361006,139.8343963623047,0,70103040,609656832,609603584,18130426
1529513800,0,0,1457317048871,111,79680208896,286720,539967488,0,0,0,2362372,94.87779235839844,0,70344704,610426880,610373632,18150301
1529513820,0,0,1460314600916,110,79680208896,286720,540966912,0,0,0,2365494,114.79586029052734,0,70819840,611815424,611762176,18170369
1529513840,0,0,1461920643701,117,79680208896,286720,541474816,0,0,0,2367462,143.55438232421875,0,71077888,612552704,612499456,18190413
1529513860,0,0,1463668936772,115,79680208896,286720,542035968,0,0,0,2369440,130.2528076171875,0,71327744,613367808,613314560,18210433
1529513880,0,0,1465332545498,114,79680208896,286720,542568448,0,0,0,2370232,54.27685546875,0,71544832,614203392,614150144,18230305
1529513900,0,0,1468634510171,110,79680208896,286720,543666176,0,0,0,2373902,123.16754913330078,0,71950336,615690240,615636992,18250348
1529513920,0,0,1469927101619,113,79680208896,286720,544088064,0,0,0,2375867,172.6146240234375,0,72175616,616349696,616296448,18270379
1529513940,0,0,1471998052281,112,79680208896,286720,544768000,0,0,0,2377584,93.32647705078125,0,72437760,617312256,617259008,18290335
1529513960,0,0,1475533779366,113,79680208896,286720,545910784,0,0,0,2381596,128.95945739746094,0,72892416,618921984,618868736,18310390
1529513980,0,0,1478578043629,111,79680208896,286720,546914304,0,0,0,2384627,111.24476623535156,0,73293824,620294144,620240896,18330390
1529514000,0,0,1480301790442,113,79680208896,286720,547475456,0,0,0,2387243,172.2809295654297,0,73547776,621072384,621019136,18350391
1529514020,0,0,1481910950992,112,79680208896,286720,548007936,0,0,0,2388589,94.35308837890625,0,73781248,621805568,621752320,18370357
1529514040,0,0,1485038034489,111,79680208896,286720,549036032,0,0,0,2392261,130.94525146484375,0,74199040,623271936,623218688,18390337
1529514060,0,0,1486590206807,108,79680208896,286720,549564416,0,0,0,2393591,93.31588745117188,0,74371072,624013312,623960064,18410429
1529514080,0,0,1489695847490,114,79680208896,286720,550559744,0,0,0,2397241,134.62330627441406,0,74731520,625410048,625356800,18430346
1529514100,0,0,1491266207799,121,79680208896,286720,551038976,0,0,0,2398579,103.30690002441406,0,74928128,626073600,626020352,18450355
1529514120,0,0,1493410581202,116,79680208896,286720,551714816,0,0,0,2400916,126.8217544555664,0,75182080,626991104,626937856,18470331
1529514140,0,0,1495190383394,111,79680208896,286720,552308736,0,0,0,2402940,126.33612823486328,0,75382784,627761152,627707904,18490410
1529514160,0,0,1500600053425,169,79680208896,286720,554221568,0,0,0,2407081,130.0139617919922,0,77643776,631934976,631881728,18510257
1529514180,0,0,1504907225148,263,79680208896,286720,555794432,0,0,0,2409784,165.48867797851562,0,79409152,635281408,635228160,18530271
1529514200,0,0,1509699063212,193,79680208896,286720,557359104,0,0,0,2412591,113.19678497314453,0,80809984,638197760,638144512,18550344
1529514220,0,0,1513970659015,224,79680208896,286720,558977024,0,0,0,2414788,115.56745910644531,0,81608704,640688128,640634880,18570396
1529514240,0,0,1517960007766,228,79680208896,286720,560357376,0,0,0,2417236,139.9702911376953,0,82300928,642764800,642711552,18590274
1529514260,0,0,1520050091553,151,79680208896,286720,560955392,0,0,0,2418612,99.70008850097656,0,82690048,643743744,643690496,18610311
1529514280,0,0,1524446094214,221,79680208896,286720,562438144,0,0,0,2421410,140.75802612304688,0,83611648,646127616,646074368,18630345
1529514300,0,0,1529817989165,198,79680208896,286720,564318208,0,0,0,2425182,139.4421844482422,0,84500480,648904704,648851456,18650280
1529514320,0,0,1535556507590,238,79680208896,286720,566296576,0,0,0,2427732,106.04951477050781,0,85495808,651866112,651812864,18670263
1529514340,0,0,1538817686231,183,79680208896,286720,567410688,0,0,0,2430413,150.6768341064453,0,86061056,653541376,653488128,18690334
1529514360,0,0,1541849638588,180,79680208896,286720,568422400,0,0,0,2432821,142.97096252441406,0,86646784,655142912,655085568,18710363
1529514380,0,0,1545633421194,162,79680208896,286720,569614336,0,0,0,2435161,100.23957061767578,0,86872064,656556032,656502784,18730287
1529514400,0,0,1547479927241,144,79680208896,286720,570187776,0,0,0,2436453,101.21137237548828,0,86933504,657231872,657178624,18750354
1529514420,0,0,1551113939444,145,79680208896,286720,571351040,0,0,0,2440304,154.17791748046875,0,87060480,658415616,658362368,18770356
1529514440,0,0,1552960429851,142,79680208896,286720,571936768,0,0,0,2441326,79.0950698852539,0,87101440,659038208,658984960,18790302
1529514460,0,0,1555452075386,142,79680208896,286720,572747776,0,0,0,2443931,148.6708221435547,0,87289856,660099072,660045824,18810346
1529514480,0,0,1559634328353,140,79680208896,286720,574115840,0,0,0,2447557,122.14324188232422,0,87437312,661565440,661512192,18830269
1529514500,0,0,1562029962057,140,79680208896,286720,574898176,0,0,0,2449523,115.5638656616211,0,87646208,662573056,662519808,18850307
1529514520,0,0,1564571831593,146,79680208896,286720,575696896,0,0,0,2451242,99.35321807861328,0,87924736,663683072,663625728,18870261
1529514540,0,0,1566478714775,145,79680208896,286720,576299008,0,0,0,2453212,150.03228759765625,0,88129536,664428544,664375296,18890403
1529514560,0,0,1570687727599,142,79680208896,286720,577662976,0,0,0,2456849,122.79087829589844,0,88432640,666128384,666075136,18910278
1529514580,0,0,1573663174193,144,79680208896,286720,578609152,0,0,0,2459550,130.90650939941406,0,88719360,667447296,667394048,18930350
1529514600,0,0,1575675891486,142,79680208896,286720,579256320,0,0,0,2460622,76.02825927734375,0,88911872,668213248,668160000,18950380
1529514620,0,0,1579750373484,144,79680208896,286720,580558848,0,0,0,2464561,139.5037384033203,0,89374720,669995008,669941760,18970348
1529514640,0,0,1581881088721,176,79680208896,286720,581197824,0,0,0,2466057,124.14472198486328,0,90095616,671326208,671272960,18990281
1529514660,0,0,1586287683318,143,79680208896,286720,582639616,0,0,0,2469508,112.4502944946289,0,90755072,673468416,673415168,19010271
1529514680,0,0,1588774464620,145,79680208896,286720,583426048,0,0,0,2471825,135.9475860595703,0,90955776,674496512,674443264,19030337
1529514700,0,0,1592200893406,140,79680208896,286720,584544256,0,0,0,2474513,110.29134368896484,0,91328512,675921920,675868672,19050359
1529514720,0,0,1594059763149,135,79680208896,286720,585179136,0,0,0,2476784,165.4189910888672,0,91402240,676691968,676638720,19070378
1529514740,0,0,1597435683537,138,79680208896,286720,586297344,0,0,0,2479406,107.2733154296875,0,91557888,677982208,677928960,19090346
1529514760,0,0,1599919327433,137,79680208896,286720,587132928,0,0,0,2482054,146.873779296875,0,91947008,679092224,679038976,19110284
1529514780,0,0,1602327930520,141,79680208896,286720,587915264,0,0,0,2484651,152.03094482421875,0,92135424,680050688,679997440,19130331
1529514800,0,0,1604428484342,137,79680208896,286720,588623872,0,0,0,2485751,71.84294128417969,0,92336128,680984576,680931328,19150275
1529514820,0,0,1606927338659,136,79680208896,286720,589463552,0,0,0,2488125,129.2410125732422,0,92573696,682119168,682065920,19170259
1529514840,0,0,1611031807148,135,79680208896,286720,590864384,0,0,0,2491230,102.31168365478516,0,92950528,683921408,683868160,19190291
1529514860,0,0,1613137166776,137,79680208896,286720,591560704,0,0,0,2492674,94.25914764404297,0,93265920,684904448,684851200,19210326
1529514880,0,0,1614633941456,138,79680208896,286720,592064512,0,0,0,2494629,181.0231170654297,0,93446144,685633536,685580288,19230309
1529514900,0,0,1618749485271,138,79680208896,286720,593424384,0,0,0,2497971,112.74496459960938,0,93954048,687394816,687341568,19250300
1529514920,0,0,1622055729502,143,79680208896,286720,594489344,0,0,0,2500951,129.14906311035156,0,94244864,688791552,688738304,19270326
1529514940,0,0,1624182010178,135,79680208896,286720,595206144,0,0,0,2502915,125.29304504394531,0,94449664,689778688,689725440,19290331
1529514960,0,0,1626440161538,138,79680208896,286720,595963904,0,0,0,2504931,123.43878173828125,0,94851072,690851840,690798592,19310339
1529514980,0,0,1628989749116,131,79680208896,286720,596848640,0,0,0,2507309,122.95278930664062,0,95207424,692056064,692002816,19330291
1529515000,0,0,1633292366675,134,79680208896,286720,598319104,0,0,0,2510723,107.05332946777344,0,95711232,694136832,694083584,19350326
1529515020,0,0,1635333619859,135,79680208896,286720,599011328,0,0,0,2512751,134.27511596679688,0,95875072,694951936,694898688,19370312
1529515040,0,0,1637498741473,140,79680208896,286720,599719936,0,0,0,2514082,86.52427673339844,0,95997952,695771136,695717888,19390295
1529515060,0,0,1640765824272,137,79680208896,286720,600809472,0,0,0,2517781,155.7933807373047,0,96669696,697593856,697540608,19410351
1529515080,0,0,1644425004056,138,79680208896,286720,602025984,0,0,0,2520460,101.56536865234375,0,97021952,699133952,699080704,19430312
1529515100,0,0,1646316687905,137,79680208896,286720,602656768,0,0,0,2522509,149.1718292236328,0,97247232,700006400,699953152,19450287
1529515120,0,0,1648149879814,137,79680208896,286720,603271168,0,0,0,2523871,102.50081634521484,0,97509376,700858368,700805120,19470399
1529515140,0,0,1652236018831,139,79680208896,286720,604614656,0,0,0,2527812,134.88169860839844,0,97947648,702681088,702627840,19490282
1529515160,0,0,1654355754962,134,79680208896,286720,605339648,0,0,0,2529915,133.49179077148438,0,98713600,704176128,704122880,19510273
1529515180,0,0,1656745255686,146,79680208896,286720,606085120,0,0,0,2531889,121.26112365722656,0,98889728,704974848,704921600,19530362
1529515200,0,0,1658604899698,133,79680208896,286720,606728192,0,0,0,2533828,139.36416625976562,0,99016704,705859584,705806336,19550357
1529515220,0,0,1663270903060,140,79680208896,286720,608260096,0,0,0,2537582,112.8536376953125,0,99508224,707862528,707809280,19570333
1529515240,0,0,1664704204047,138,79680208896,286720,608731136,0,0,0,2538942,131.37396240234375,0,99778560,708624384,708571136,19590355
1529515260,0,0,1669327352503,135,79680208896,286720,610308096,0,0,0,2542620,107.7911376953125,0,100233216,710623232,710569984,19610374
1529515280,0,0,1671923880925,135,79680208896,286720,611188736,0,0,0,2544709,108.86000061035156,0,100597760,711892992,711839744,19630324
1529515300,0,0,1673441721204,134,79680208896,286720,611708928,0,0,0,2545910,106.3345718383789,0,100745216,712536064,712482816,19650303
1529515320,0,0,1676603655155,138,79680208896,286720,612757504,0,0,0,2548872,129.6421356201172,0,100954112,713789440,713736192,19670369
1529515340,0,0,1679075741152,143,79680208896,286720,613556224,0,0,0,2550866,115.58422088623047,0,101212160,714883072,714829824,19690276
1529515360,0,0,1682885156972,134,79680208896,286720,614854656,0,0,0,2554568,130.7423095703125,0,101826560,716738560,716685312,19710329
1529515380,0,0,1685083917479,141,79680208896,286720,615571456,0,0,0,2557240,171.78500366210938,0,102309888,718000128,717946880,19730371
1529515400,0,0,1687559884683,138,79680208896,286720,616394752,0,0,0,2559078,102.95700073242188,0,103100416,719601664,719548416,19750285
1529515420,0,0,1691100734649,133,79680208896,286720,617611264,0,0,0,2562104,113.8357925415039,0,103460864,721154048,721100800,19770295
1529515440,0,0,1693465022022,139,79680208896,286720,618397696,0,0,0,2564701,152.74337768554688,0,103686144,722124800,722071552,19790315
1529515460,0,0,1695106760784,134,79680208896,286720,618962944,0,0,0,2566037,109.25526428222656,0,103907328,722984960,722931712,19810290
1529515480,0,0,1699209135991,142,79680208896,286720,620285952,0,0,0,2569346,114.80864715576172,0,104026112,724353024,724299776,19830347
1529515500,0,0,1701284564995,136,79680208896,286720,620986368,0,0,0,2571034,110.93098449707031,0,104230912,725340160,725286912,19850405
1529515520,0,0,1704495079657,135,79680208896,286720,622071808,0,0,0,2574014,126.17802429199219,0,104566784,726728704,726675456,19870314
1529515540,0,0,1706537985471,132,79680208896,286720,622784512,0,0,0,2575370,87.66996002197266,0,104783872,727654400,727601152,19890282
1529515560,0,0,1710516374162,140,79680208896,286720,624087040,0,0,0,2579039,129.50381469726562,0,105242624,729448448,729395200,19910283
1529515580,0,0,1712638732050,139,79680208896,286720,624787456,0,0,0,2581641,170.88148498535156,0,105480192,730312704,730259456,19930363
1529515600,0,0,1716027210669,134,79680208896,286720,625950720,0,0,0,2584325,106.14617919921875,0,105893888,731947008,731893760,19950328
1529515620,0,0,1717476827939,134,79680208896,286720,626450432,0,0,0,2585662,123.6211166381836,0,106065920,732606464,732553216,19970350
1529515640,0,0,1719291537628,132,79680208896,286720,627081216,0,0,0,2588272,190.43370056152344,0,106323968,733528064,733474816,19990397
1529515660,0,0,1721668558441,130,79680208896,286720,627920896,0,0,0,2590014,95.58355712890625,0,106655744,734593024,734539776,20010398
1529515680,0,0,1724175662907,134,79680208896,286720,628776960,0,0,0,2592002,106.62567901611328,0,106917888,735801344,735748096,20030345
1529515700,0,0,1728850090516,136,79680208896,286720,630349824,0,0,0,2597274,154.28350830078125,0,107622400,738070528,738017280,20050350
1529515720,0,0,1730429692985,135,79680208896,286720,630886400,0,0,0,2598619,115.12073516845703,0,107843584,738844672,738791424,20070396
1529515740,0,0,1734354612602,142,79680208896,286720,632152064,0,0,0,2602037,124.11944580078125,0,108281856,740511744,740458496,20090307
1529515760,0,0,1736321828164,136,79680208896,286720,632815616,0,0,0,2603113,74.45421600341797,0,108486656,741351424,741298176,20110350
1529515780,0,0,1740377218264,135,79680208896,286720,634191872,0,0,0,2606808,123.76575469970703,0,109023232,743317504,743264256,20130370
1529515800,0,0,1742764884187,135,79680208896,286720,635002880,0,0,0,2608880,117.77747344970703,0,109301760,744349696,744296448,20150418
1529515820,0,0,1744941279441,135,79680208896,286720,635740160,0,0,0,2610557,104.40669250488281,0,109449216,745308160,745254912,20170309
1529515840,0,0,1748176655824,138,79680208896,286720,636817408,0,0,0,2613844,140.5653076171875,0,109805568,746622976,746569728,20190342
1529515860,0,0,1751187441377,134,79680208896,286720,637841408,0,0,0,2616503,119.0994644165039,0,110145536,748023808,747970560,20210318
1529515880,0,0,1753673258441,134,79680208896,286720,638697472,0,0,0,2618765,122.35733795166016,0,110587904,749359104,749305856,20230326
1529515900,0,0,1756041638044,136,79680208896,286720,639492096,0,0,0,2621117,135.5588836669922,0,110940160,750510080,750456832,20250384
1529515920,0,0,1758539171214,136,79680208896,286720,640335872,0,0,0,2623144,110.60240936279297,0,111296512,751665152,751611904,20270426
1529515940,0,0,1762003110493,138,79680208896,286720,641486848,0,0,0,2625634,99.34209442138672,0,111706112,753233920,753180672,20290457
1529515960,0,0,1763679079950,87,79680208896,286720,642076672,0,0,0,2627952,120.80096435546875,0,111886336,754089984,754036736,20310392
1529515980,0,0,1763721890573,2,79680208896,286720,642076672,0,0,0,2630505,145.30990600585938,0,111886336,753963008,753909760,20330334
1529516000,0,0,1763758419741,2,79680208896,286720,642076672,0,0,0,2632420,105.13032531738281,0,111886336,753963008,753909760,20350369
1529516020,0,0,1763794039387,2,79680208896,286720,642076672,0,0,0,2634351,119.9161148071289,0,111886336,754053120,753999872,20370319
